n,m,r,q
0,0,8.837018040635898e-13,0.0
1,0,3.007531806496417e-13,0.0
1,1,2.4185466596829727e-12,1.8156104639732133e-13
2,0,1.2327113101743864e-13,0.0
2,1,9.913011776420045e-13,7.441728626032445e-14
2,2,-7.570566126272464e-14,-2.9052520612085883e-13
3,0,1.0173506623876468e-13,0.0
3,1,8.181160514841704e-13,6.141622523064385e-14
3,2,-6.247951486810982e-14,-2.397690427984723e-13
3,3,2.74834147302506e-13,-2.690681237420377e-13
4,0,8.519669808463737e-14,0.0
4,1,6.851205667169856e-13,5.1432213020759797e-14
4,2,-5.232265099430086e-14,-2.0079144295637493e-13
4,3,2.3015625522990446e-13,-2.2532757435720311e-13
4,4,-1.768307604087048e-15,9.466399523222996e-14
5,0,7.200730890627845e-14,0.0
5,1,5.790563413223447e-13,4.3469938788474946e-14
5,2,-4.422252713595943e-14,-1.6970671145416394e-13
5,3,1.945255266886971e-13,-1.9044437890917838e-13
5,4,-1.4945540701861716e-15,8.000896396498729e-14
5,5,5.1011041797456634e-14,4.4158167219528706e-14
6,0,6.189329034094735e-14,0.0
6,1,4.977231173001892e-13,3.736422848464066e-14
6,2,-3.8011109611092674e-14,-1.4587000853637103e-13
6,3,1.672028171159644e-13,-1.6369490009644584e-13
6,4,-1.2846316631090184e-15,6.877104715868053e-14
6,5,4.384612157459613e-14,3.795578957407878e-14
6,6,-1.639577573549222e-14,-1.388034423249586e-14
7,0,5.412056993227524e-14,0.0
7,1,4.3521775346517505e-13,3.267193147317096e-14
7,2,-3.323757558498276e-14,-1.2755127340178535e-13
7,3,1.4620505238531922e-13,-1.4313766871051932e-13
7,4,-1.1233042770471413e-15,6.01346001572131e-14
7,5,3.8339811567055414e-14,3.3189202782125226e-14
7,6,-1.433675156706859e-14,-1.2137214495799051e-14
7,7,1.6315975306428603e-14,9.994769350240711e-15
8,0,4.8035637141748623e-14,0.0
8,1,3.862849579976932e-13,2.899853137040566e-14
8,2,-2.950057847265087e-14,-1.1321031344945693e-13
8,3,1.2976679390959792e-13,-1.2704428508602876e-13
8,4,-9.970079162051116e-16,5.3373492489652925e-14
8,5,3.402915525137128e-14,2.9457644364445777e-14
8,6,-1.2724828968521373e-14,-1.07725922354725e-14
8,7,1.4481522837141088e-14,8.871028417188174e-15
8,8,2.1289700986268895e-14,6.792609918309462e-14
9,0,4.316773997852041e-14,0.0
9,1,3.4713911622014314e-13,2.6059840910669967e-14
9,2,-2.651101091811128e-14,-1.0173766113379063e-13
9,3,1.1661631968793434e-13,-1.1416970796426224e-13
9,4,-8.959718459914655e-16,4.7964660877504857e-14
9,5,3.058066496016552e-14,2.647242772177024e-14
9,6,-1.1435303888305596e-14,-9.680905431591337e-15
9,7,1.3013975654824741e-14,7.972044732647517e-15
9,8,1.9132217892389762e-14,6.104251680139734e-14
9,9,-2.5781153649940782e-14,5.713436722933242e-15
10,0,3.919349821729468e-14,0.0
10,1,3.1517972308713314e-13,2.3660639375226665e-14
10,2,-2.407027237642494e-14,-9.237117445256686e-14
10,3,1.0588002800403218e-13,-1.0365866380294431e-13
10,4,-8.134841195319939e-16,4.35487901736584e-14
10,5,2.7765253362726878e-14,2.403524134543368e-14
10,6,-1.0382511634464542e-14,-8.789632025296464e-15
10,7,1.1815842846558316e-14,7.238097736242048e-15
10,8,1.7370808576761012e-14,5.542263214671888e-14
10,9,-2.340760948156054e-14,5.187428670723411e-15
10,10,6.643583287446432e-14,-2.2361322839831096e-14
11,0,3.5890499873080646e-14,0.0
11,1,2.886182230721315e-13,2.166665934705623e-14
11,2,-2.2041770879484555e-14,-8.458667319221995e-14
11,3,9.695707973226156e-14,-9.492291908818744e-14
11,4,-7.449284451963731e-16,3.987875334666636e-14
11,5,2.5425360521946913e-14,2.2009692058492996e-14
11,6,-9.507534398513531e-15,-8.048893348058561e-15
11,7,1.0820072855798627e-14,6.628113276433931e-15
11,8,1.5906898628008776e-14,5.0751937502477654e-14
11,9,-2.143495332999796e-14,4.750262582227456e-15
11,10,6.083701021351576e-14,-2.047684159488302e-14
11,11,5.299387796341765e-15,5.630252176634096e-14
12,0,3.3103050750809195e-14,0.0
12,1,2.662025806202588e-13,1.9983910129489473e-14
12,2,-2.032988848418222e-14,-7.801721752068275e-14
12,3,8.942687180109805e-14,-8.755069500572859e-14
12,4,-6.870732983452397e-16,3.678155502380825e-14
12,5,2.3450690369094215e-14,2.0300301076844205e-14
12,6,-8.76912817659352e-15,-7.423773029934206e-15
12,7,9.979727842732077e-15,6.113338374996326e-15
12,8,1.4671483385103217e-14,4.681026925753455e-14
12,9,-1.9770199647075694e-14,4.381331658662355e-15
12,10,5.611208101718335e-14,-1.8886500018911853e-14
12,11,4.887808857242945e-15,5.192976531451546e-14
12,12,-9.754407472578374e-15,-1.6259570176340736e-14
13,0,3.071967086979964e-14,0.0
13,1,2.470363146558555e-13,1.85450926106732e-14
13,2,-1.8866160939518277e-14,-7.24000715962517e-14
13,3,8.298824447708477e-14,-8.124715015677062e-14
13,4,-6.376048463774133e-16,3.4133327254835996e-14
13,5,2.1762268838334922e-14,1.883870378995957e-14
13,6,-8.137761483915621e-15,-6.889270291382411e-15
13,7,9.261199428617944e-15,5.673185357123381e-15
13,8,1.3615154209044836e-14,4.3439986113153336e-14
13,9,-1.8346769026221793e-14,4.065881043373344e-15
13,10,5.2072078602159286e-14,-1.7526694709527765e-14
13,11,4.535892492184404e-15,4.819088460506487e-14
13,12,-9.052101854394699e-15,-1.5088900659386734e-14
13,13,2.949418362033125e-14,-2.452543353170665e-16
14,0,2.865869163358757e-14,0.0
14,1,2.304626763101205e-13,1.7300904449731597e-14
14,2,-1.7600432340791398e-14,-6.754275900027482e-14
14,3,7.742057256282907e-14,-7.579628806309089e-14
14,4,-5.94828009514102e-16,3.184332619873069e-14
14,5,2.0302240688984968e-14,1.7574817288283988e-14
14,6,-7.591799988472496e-15,-6.427069928514903e-15
14,7,8.639866608819893e-15,5.2925719946375125e-15
14,8,1.270171505660089e-14,4.052560236926482e-14
14,9,-1.7115886372078678e-14,3.793101545089762e-15
14,10,4.857856875173448e-14,-1.6350830748326405e-14
14,11,4.2315799790815174e-15,4.495776361992528e-14
14,12,-8.44479736714757e-15,-1.407658802465617e-14
14,13,2.751542218476235e-14,-2.2880024976316216e-16
14,14,-4.8017084426776416e-15,2.3307397787340252e-14
15,0,2.685899444723307e-14,0.0
15,1,2.1599017228174554e-13,1.6214449092394956e-14
15,2,-1.6495167349377002e-14,-6.330123552510848e-14
15,3,7.255874605697487e-14,-7.103646273305422e-14
15,4,-5.574742353511268e-16,2.9843641590070484e-14
15,5,1.902730860514077e-14,1.647116086080947e-14
15,6,-7.115053134383479e-15,-6.023465332229153e-15
15,7,8.097303681482764e-15,4.960211151054389e-15
15,8,1.1904077776382189e-14,3.798069161437851e-14
15,9,-1.604104970683147e-14,3.554903853948326e-15
15,10,4.552795099788132e-14,-1.5324037743657825e-14
15,11,3.965846892604474e-15,4.2134523755173584e-14
15,12,-7.914484320924013e-15,-1.319261201537616e-14
15,13,2.5787519581238153e-14,-2.1443214213980576e-16
15,14,-4.5001726543566644e-15,2.1843749036189273e-14
15,15,4.0143132267254553e-16,-2.0365242732856445e-15
16,0,2.527395327268225e-14,0.0
16,1,2.032438530910746e-13,1.5257578965160848e-14
16,2,-1.5521731077172764e-14,-5.956561299819842e-14
16,3,6.827680615412308e-14,-6.68443579784425e-14
16,4,-5.245757730308519e-16,2.8082466174076008e-14
16,5,1.7904442012376716e-14,1.549914129364647e-14
16,6,-6.695169501015498e-15,-5.668000030509856e-15
16,7,7.619454082041997e-15,4.6674921170513405e-15
16,8,1.1201577410715488e-14,3.5739321031240075e-14
16,9,-1.509441247071694e-14,3.3451168125478255e-15
16,10,4.284119081159266e-14,-1.441971383712488e-14
16,11,3.731808696234465e-15,3.964802132287871e-14
16,12,-7.447423517562711e-15,-1.2414070834866729e-14
16,13,2.4265709805146232e-14,-2.0177776763943277e-16
16,14,-4.234602066308169e-15,2.0554674655652236e-14
16,15,3.7774148661258358e-16,-1.9163420068768412e-15
16,16,-5.432559706409731e-15,1.2841144070786792e-14
17,0,2.386738642804677e-14,0.0
17,1,1.919327589361739e-13,1.4408451625632243e-14
17,2,-1.4657902926944396e-14,-5.625061848904056e-14
17,3,6.44770091552976e-14,-6.312428076420444e-14
17,4,-4.953816504540036e-16,2.651959765841935e-14
17,5,1.6908009272527985e-14,1.4636570328639296e-14
17,6,-6.322564418710396e-15,-5.352559828801279e-15
17,7,7.195409953670253e-15,4.407733005027583e-15
17,8,1.0578178007245038e-14,3.375032692849871e-14
17,9,-1.4254365807201466e-14,3.158951619109405e-15
17,10,4.045695760794026e-14,-1.3617216057153366e-14
17,11,3.5241230078890942e-15,3.744149701516627e-14
17,12,-7.032953375723656e-15,-1.1723192749634488e-14
17,13,2.2915254555616427e-14,-1.905482652784803e-16
17,14,-3.998934507599344e-15,1.9410748987950734e-14
17,15,3.5671910656858544e-16,-1.809692164615377e-15
17,16,-5.130222423354066e-15,1.2126498154404621e-14
17,17,1.972487141854321e-16,1.7165469260142554e-15
18,0,2.26107898439301e-14,0.0
18,1,1.8182767055599542e-13,1.3649859512928031e-14
18,2,-1.3886177425962533e-14,-5.328907365207774e-14
18,3,6.10823521951456e-14,-5.980084374598492e-14
18,4,-4.693002488865877e-16,2.5123364521197486e-14
18,5,1.6017817681583417e-14,1.3865967969910201e-14
18,6,-5.989687047517673e-15,-5.070752333144862e-15
18,7,6.816578044430449e-15,4.1756697980018085e-15
18,8,1.0021246380476634e-14,3.1973402351564913e-14
18,9,-1.3503886175253564e-14,2.9926356370084876e-15
18,10,3.8326934914121114e-14,-1.2900281790630999e-14
18,11,3.338581078232458e-15,3.54702356290354e-14
18,12,-6.6626746602543735e-15,-1.1105977119069212e-14
18,13,2.1708786864419452e-14,-1.8051606925315744e-16
18,14,-3.78839417644475e-15,1.8388790385699152e-14
18,15,3.3793816412419233e-16,-1.7144134880324174e-15
18,16,-4.860120793568159e-15,1.14880488543918e-14
18,17,1.8686374550802574e-16,1.6261722630737515e-15
18,18,6.707421332006416e-15,1.089222414340678e-14
19,0,2.1481404932433082e-14,0.0
19,1,1.7274557174228594e-13,1.2968063543642449e-14
19,2,-1.3192577628188876e-14,-5.0627341083435685e-14
19,3,5.803135364957895e-14,-5.6813855184873826e-14
19,4,-4.458592004441074e-16,2.386847917609766e-14
19,5,1.5217744719534868e-14,1.3173377612978401e-14
19,6,-5.6905085481044135e-15,-4.817473645645607e-15
19,7,6.476097218923671e-15,3.967099531425162e-15
19,8,9.520695778988348e-15,3.0376364900227293e-14
19,9,-1.282938141897683e-14,2.8431566688974746e-15
19,10,3.641254526675739e-14,-1.2255926431576192e-14
19,11,3.171822503163158e-15,3.369853507354019e-14
19,12,-6.3298811451474776e-15,-1.0551245370541857e-14
19,13,2.0624456042682954e-14,-1.714994835299481e-16
19,14,-3.5991679153891925e-15,1.747028985804663e-14
19,15,3.2105851214320137e-16,-1.628780357176948e-15
19,16,-4.617362927514121e-15,1.0914233028927672e-14
19,17,1.7753010010513253e-16,1.544946687581373e-15
19,18,6.372392768222968e-15,1.0348169128738218e-14
19,19,-1.1505659249653545e-14,1.9003499900004275e-14
20,0,2.0460842066033406e-14,0.0
20,1,1.6453857986211426e-13,1.2351962122744656e-14
20,2,-1.2565809738389609e-14,-4.822208013812874e-14
20,3,5.527433450637343e-14,-5.4114678334892835e-14
20,4,-4.2467681758567085e-16,2.2734508488371317e-14
20,5,1.449476290247231e-14,1.254752189920392e-14
20,6,-5.420157435903322e-15,-4.588599662399666e-15
20,7,6.168423472182419e-15,3.778626082792791e-15
20,8,9.068375802483763e-15,2.893321022152318e-14
20,9,-1.2219868665212883e-14,2.7080807681935857e-15
20,10,3.4682616908382514e-14,-1.1673658025541529e-14
20,11,3.021131974507287e-15,3.2097546979125696e-14
20,12,-6.029153996910191e-15,-1.0049964879190547e-14
20,13,1.9644606072764318e-14,-1.6335169221704708e-16
20,14,-3.4281745778520606e-15,1.6640291580445997e-14
20,15,3.0580530144932483e-16,-1.551398418924564e-15
20,16,-4.397996030454392e-15,1.0395707309609422e-14
20,17,1.6909579944344884e-16,1.4715476140630402e-15
20,18,6.069645929744858e-15,9.85653661302373e-15
20,19,-1.0959035384939945e-14,1.8100660146711768e-14
20,20,-4.1906952811570685e-17,-1.1903274451061273e-14
21,0,1.9534081862397437e-14,0.0
21,1,1.570859145569982e-13,1.1792488231336147e-14
21,2,-1.1996649761766103e-14,-4.603789315968802e-14
21,3,5.2770720366855253e-14,-5.166359004871738e-14
21,4,-4.0544136419255096e-16,2.17047640796002e-14
21,5,1.3838232277984942e-14,1.1979190258066954e-14
21,6,-5.174655017536305e-15,-4.3807620991261096e-15
21,7,5.889028842443169e-15,3.6074757329366325e-15
21,8,8.657629764845899e-15,2.7622699749363545e-14
21,9,-1.1666377858919153e-14,2.585420054812678e-15
21,10,3.311169089248799e-14,-1.114490746610647e-14
21,11,2.8842918153941136e-15,3.064370998265273e-14
21,12,-5.756067485226249e-15,-9.594758418580855e-15
21,13,1.8754816734398494e-14,-1.5595278619671927e-16
21,14,-3.2728976953260934e-15,1.5886580664546937e-14
21,15,2.9195405414828557e-16,-1.481128861591444e-15
21,16,-4.1987917316469446e-15,9.924840676061271e-15
21,17,1.6143671791491534e-16,1.404894845713244e-15
21,18,5.794725362952218e-15,9.41009135680451e-15
21,19,-1.0462653181694206e-14,1.728080280998173e-14
21,20,-4.000880531617078e-17,-1.1364123568678307e-14
21,21,1.3053159984939977e-14,1.603044303387485e-14
22,0,1.8688738523023818e-14,0.0
22,1,1.5028797378273577e-13,1.128216471312712e-14
22,2,-1.147749109117464e-14,-4.40455893178447e-14
22,3,5.0487051377941034e-14,-4.942783246136527e-14
22,4,-3.878957657282338e-16,2.0765483806454367e-14
22,5,1.3239378563369462e-14,1.1460787152813284e-14
22,6,-4.950720246327472e-15,-4.1911832856470235e-15
22,7,5.634179326484016e-15,3.45136112236667e-15
22,8,8.282968201122061e-15,2.6427319008506143e-14
22,9,-1.1161511805468369e-14,2.4735352148588724e-15
22,10,3.1678772388893297e-14,-1.0662608202656362e-14
22,11,2.759473209015344e-15,2.9317594104260836e-14
22,12,-5.506971912478206e-15,-9.179542327075707e-15
22,13,1.7943196330671426e-14,-1.492038818972072e-16
22,14,-3.1312620511896247e-15,1.5199084049922417e-14
22,15,2.793196535751794e-16,-1.4170325592046631e-15
22,16,-4.017087741217924e-15,9.495340174376414e-15
22,17,1.5445049480082e-16,1.3440975935715835e-15
22,18,5.54395685877693e-15,9.002866788616096e-15
22,19,-1.0009878680101333e-14,1.65329708075692e-14
22,20,-3.8277412086196375e-17,-1.0872337661653245e-14
22,21,1.2488280512806293e-14,1.5336720731421514e-14
22,22,-1.5188708698278272e-14,5.012876204127101e-15
23,0,1.7914508289429805e-14,0.0
23,1,1.4406189849655045e-13,1.0814771314127539e-14
23,2,-1.100200578232697e-14,-4.2220884730944455e-14
23,3,4.839549225351642e-14,-4.738015427134388e-14
23,4,-3.718261616220008e-16,1.9905218927775836e-14
23,5,1.269090242384142e-14,1.0985993848623046e-14
23,6,-4.745623616180359e-15,-4.017552475291141e-15
23,7,5.400768603193074e-15,3.3083793943760272e-15
23,8,7.939824419785187e-15,2.5332497689024776e-14
23,9,-1.0699116771059599e-14,2.3710625014200343e-15
23,10,3.036639577682778e-14,-1.0220881564483655e-14
23,11,2.6451547607915477e-15,2.810303552376636e-14
23,12,-5.278831091473033e-15,-8.799255600316579e-15
23,13,1.7199852146717845e-14,-1.430227179736982e-16
23,14,-3.0015412706056413e-15,1.4569421947266893e-14
23,15,2.677481009865181e-16,-1.358328251903678e-15
23,16,-3.850669297489408e-15,9.101970689742382e-15
23,17,1.480519761142307e-16,1.288414809387833e-15
23,18,5.3142838389250005e-15,8.629899311534703e-15
23,19,-9.595193082183907e-15,1.584804893151118e-14
23,20,-3.669166943886038e-17,-1.0421922428055509e-14
23,21,1.1970920588983401e-14,1.470135666659573e-14
23,22,-1.4559476421901132e-14,4.805204599662316e-15
23,23,2.2464148798869125e-15,-7.339078862705214e-15
24,0,1.7202750870331552e-14,0.0
24,1,1.383382066481507e-13,1.0385091995314025e-14
24,2,-1.0564887491720381e-14,-4.0543415974189734e-14
24,3,4.647270151285866e-14,-4.549770370246353e-14
24,4,-3.5705321754374004e-16,1.9114369018767792e-14
24,5,1.2186682949363808e-14,1.0549511724659925e-14
24,6,-4.557076279993787e-15,-3.857931974705466e-15
24,7,5.186191844509516e-15,3.1769348946948205e-15
24,8,7.624368988588451e-15,2.432601775202916e-14
24,9,-1.0274032497655709e-14,2.2768583346482824e-15
24,10,2.915991513352797e-14,-9.814797949699866e-15
24,11,2.5400606942819287e-15,2.6986479952714226e-14
24,12,-5.06909900545539e-15,-8.449654296452573e-15
24,13,1.651648857485566e-14,-1.3734031357985609e-16
24,14,-2.8822876894541175e-15,1.3990567423581265e-14
24,15,2.571102596208655e-16,-1.3043608085754316e-15
24,16,-3.69767919601958e-15,8.740342278726408e-15
24,17,1.4216975536281675e-16,1.2372250817859352e-15
24,18,5.103143187535723e-15,8.287026665419155e-15
24,19,-9.213968559937083e-15,1.521839355816829e-14
24,20,-3.523388072815272e-17,-1.0007851302597279e-14
24,21,1.1495306555654207e-14,1.411726027337052e-14
24,22,-1.3981017041713252e-14,4.614290064424265e-15
24,23,2.1571630605625923e-15,-7.047491522127201e-15
24,24,-1.8145348068849922e-16,7.142022874813398e-15
25,0,1.65461678489908e-14,0.0
25,1,1.330582070496822e-13,9.988720791046651e-15
25,2,-1.0161653973911193e-14,-3.899598215058433e-14
25,3,4.4698962707990904e-14,-4.376117795805193e-14
25,4,-3.4342545055918057e-16,1.838482464205947e-14
25,5,1.1721549833658756e-14,1.0146865058783203e-14
25,6,-4.383144858504747e-15,-3.710685022681775e-15
25,7,4.988248763418137e-15,3.0556797810513954e-15
25,8,7.333367202648638e-15,2.3397558672826775e-14
25,9,-9.881900137574985e-15,2.1899567375841478e-15
25,10,2.8046959111277397e-14,-9.44019334487606e-15
25,11,2.443113366635814e-15,2.5956478142174533e-14
25,12,-4.875625045065871e-15,-8.127153576127792e-15
25,13,1.5886098351096655e-14,-1.320984008926435e-16
25,14,-2.772278472103953e-15,1.3456584858903838e-14
25,15,2.4729704821345535e-16,-1.2545768427976131e-15
25,16,-3.5565486642359385e-15,8.406746775066831e-15
25,17,1.367435157908433e-16,1.1900035072598192e-15
25,18,4.908369851709224e-15,7.97073300710104e-15
25,19,-8.862296007028364e-15,1.4637548151657895e-14
25,20,-3.3889097673603704e-17,-9.62587836728489e-15
25,21,1.105656142899156e-14,1.3578442181240309e-14
25,22,-1.3447398989585539e-14,4.438174945704075e-15
25,23,2.0748299121897038e-15,-6.778507607208573e-15
25,24,-1.7452788631808245e-16,6.869430950825408e-15
25,25,-3.71705646407406e-15,3.5048295800319925e-15
26,0,1.593855281257426e-14,0.0
26,1,1.28171990007774e-13,9.621910965194639e-15
26,2,-9.788493626103713e-15,-3.756395599620374e-14
26,3,4.3057509405844325e-14,-4.21541623649982e-14
26,4,-3.30814042917706e-16,1.7709689710735895e-14
26,5,1.129110636215298e-14,9.774247795470336e-15
26,6,-4.222185248574174e-15,-3.574419753541246e-15
26,7,4.805068284306538e-15,2.943467878066616e-15
26,8,7.0640683401833336e-15,2.2538344104547454e-14
26,9,-9.519013022760453e-15,2.1095362646986995e-15
26,10,2.7017007388479454e-14,-9.093526764712248e-15
26,11,2.3533963741100373e-15,2.500329390304786e-14
26,12,-4.696580379476322e-15,-7.828704970916591e-15
26,13,1.5302722652493e-14,-1.272474302388044e-16
26,14,-2.6704737460696416e-15,1.296242673276203e-14
26,15,2.382157064594439e-16,-1.2085057669460336e-15
26,16,-3.425943652497905e-15,8.098030835853847e-15
26,17,1.317219653578198e-16,1.1463037194298784e-15
26,18,4.728122718148684e-15,7.678028540992797e-15
26,19,-8.53685120553778e-15,1.4100022216082367e-14
26,20,-3.2644608586765e-17,-9.272392986980608e-15
26,21,1.0650537929373297e-14,1.307980916145395e-14
26,22,-1.2953578190634612e-14,4.275194498758988e-15
26,23,1.9986371729307356e-15,-6.529584522165951e-15
26,24,-1.6811880302044556e-16,6.617168942157263e-15
26,25,-3.580557220297897e-15,3.3761238173236326e-15
26,26,1.3854379041175893e-15,6.555814748694789e-15
27,0,1.5374595203761252e-14,0.0
27,1,1.2363684997018145e-13,9.28145659873159e-15
27,2,-9.442145025689769e-15,-3.6234821597975105e-14
27,3,4.153399529941889e-14,-4.066261160198761e-14
27,4,-3.191087708770444e-16,1.7083063543383512e-14
27,5,1.0891590457557831e-14,9.428403258673336e-15
27,6,-4.0727906627073244e-15,-3.4479452084049536e-15
27,7,4.635049409213758e-15,2.8393184533570682e-15
27,8,6.814118728291434e-15,2.17408645091743e-14
27,9,-9.18219951869246e-15,2.034894040807128e-15
27,10,2.6061058183852172e-14,-8.771768342212411e-15
27,11,2.2701255899090255e-15,2.4118596402099887e-14
27,12,-4.530400157748916e-15,-7.551700039075007e-15
27,13,1.4761262773612393e-14,-1.227450041196362e-16
27,14,-2.575983737726901e-15,1.2503774101586187e-14
27,15,2.2978686340346815e-16,-1.1657449196735053e-15
27,16,-3.304722672593973e-15,7.811496282812168e-15
27,17,1.2706121569723953e-16,1.1057437820136582e-15
27,18,4.560826426342444e-15,7.406355029144204e-15
27,19,-8.234789766881357e-15,1.3601117773081823e-14
27,20,-3.1489536629121243e-17,-8.944305698353835e-15
27,21,1.0273687410141525e-14,1.261700315985733e-14
27,22,-1.2495238649531523e-14,4.123924273972422e-15
27,23,1.927918918006011e-15,-6.298546678456702e-15
27,24,-1.6217021538750082e-16,6.38303207806339e-15
27,25,-3.453865511714148e-15,3.2566656245087626e-15
27,26,1.3364166249115716e-15,6.323848794635386e-15
27,27,-8.696878092326336e-15,-2.831412126732533e-15
28,0,1.4849724885380704e-14,0.0
28,1,1.1941603557166372e-13,8.964598755292582e-15
28,2,-9.119801471264564e-15,-3.499780806386015e-14
28,3,4.01160743039387e-14,-3.9274438605244355e-14
28,4,-3.0821477855084093e-16,1.6499868156311644e-14
28,5,1.051976456716103e-14,9.106528831762284e-15
28,6,-3.933750453615539e-15,-3.330236476870255e-15
28,7,4.476814358021747e-15,2.7423875123568975e-15
28,8,6.581492853008148e-15,2.0998657359941063e-14
28,9,-8.86873019342328e-15,1.9654251885275033e-15
28,10,2.517136478217184e-14,-8.47231064713039e-15
28,11,2.192626213480052e-15,2.3295216325766875e-14
28,12,-4.3757377070193364e-15,-7.293894018734775e-15
28,13,1.4257330891894333e-14,-1.1855463627332475e-16
28,14,-2.488042729417748e-15,1.207691018701285e-14
28,15,2.21942214321277e-16,-1.1259477803647674e-15
28,16,-3.1919033873812167e-15,7.544821128985351e-15
28,17,1.2272349754251932e-16,1.0679950098852812e-15
28,18,4.405125259141168e-15,7.153510913857494e-15
28,19,-7.953663879047738e-15,1.3136791856120944e-14
28,20,-3.0414521456550104e-17,-8.638957783994474e-15
28,21,9.922955991822035e-15,1.2186273740464057e-14
28,22,-1.2068666125097444e-14,3.983138424460908e-15
28,23,1.8621020686584498e-15,-6.083521817207181e-15
28,24,-1.5663391791402613e-16,6.165122986172192e-15
28,25,-3.335954668095091e-15,3.145486949523113e-15
28,26,1.2907929574191884e-15,6.107960149357836e-15
28,27,-8.399977060934015e-15,-2.7347510982808e-15
28,28,4.933874286081812e-15,-5.999806325491762e-15
29,0,1.4359987893014233e-14,0.0
29,1,1.154777504820343e-13,8.668950474528045e-15
29,2,-8.819034677402047e-15,-3.384359669678711e-14
29,3,3.879306490633685e-14,-3.7979185959968106e-14
29,4,-2.980499990808194e-16,1.595571020943476e-14
29,5,1.0172827644134478e-14,8.806199763352646e-15
29,6,-3.8040172005927504e-15,-3.220406832978524e-15
29,7,4.3291711110253645e-15,2.6519448528078823e-15
29,8,6.364438292065621e-15,2.0306131445921215e-14
29,9,-8.576243613061595e-15,1.9006063836014697e-15
29,10,2.4341224925889646e-14,-8.192897798290014e-15
29,11,2.1203144248467996e-15,2.252695096947473e-14
29,12,-4.231427920773404e-15,-7.053344800015471e-15
29,13,1.3787130776803726e-14,-1.1464475973030823e-16
29,14,-2.4059882420390703e-15,1.1678619328581502e-14
29,15,2.1462266373297869e-16,-1.0888145483504556e-15
29,16,-3.086635904183642e-15,7.295996451345032e-15
29,17,1.1867613390157156e-16,1.032773033179266e-15
29,18,4.259846285149317e-15,6.917591464382559e-15
29,19,-7.691355758427037e-15,1.2703546595173737e-14
29,20,-2.941146474153579e-17,-8.35404899039928e-15
29,21,9.595701536919374e-15,1.178437612310922e-14
29,22,-1.1670647151978347e-14,3.851776379222264e-15
29,23,1.8006908119770577e-15,-5.882890108488595e-15
29,24,-1.5146820444432335e-16,5.961800109006314e-15
29,25,-3.2259364409269798e-15,3.0417502587710854e-15
29,26,1.2482232084431227e-15,5.906522475856853e-15
29,27,-8.122949739988891e-15,-2.6445602841020496e-15
29,28,4.7711574160905865e-15,-5.801935514597456e-15
29,29,-4.220134280054019e-15,1.0536098226044179e-14
30,0,1.3901946317379496e-14,0.0
30,1,1.1179434829704515e-13,8.392436332313203e-15
30,2,-8.537733288479586e-15,-3.276408503761056e-14
30,3,3.755567970059839e-14,-3.6767761110028555e-14
30,4,-2.8854307663673264e-16,1.5446769763304154e-14
30,5,9.848344222735025e-15,8.525307770614786e-15
30,6,-3.682680187965547e-15,-3.117685282587806e-15
30,7,4.1910832260173904e-15,2.567355575440352e-15
30,8,6.161431342126203e-15,1.9658425297989113e-14
30,9,-8.302686548332794e-15,1.8399826038955157e-15
30,10,2.3564811108482603e-14,-7.931568342826565e-15
30,11,2.0526826018095148e-15,2.180840718008029e-14
30,12,-4.096457757396125e-15,-6.828363749212089e-15
30,13,1.3347361666165304e-14,-1.1098792751176005e-16
30,14,-2.3292442605292846e-15,1.1306105560578669e-14
30,15,2.0777682905710118e-16,-1.0540845517086697e-15
30,16,-2.988181254813721e-15,7.063275523214913e-15
30,17,1.1489071264860803e-16,9.998305968126846e-16
30,18,4.1239696591418e-15,6.696940547574709e-15
30,19,-7.446024025795768e-15,1.2298340647790357e-14
30,20,-2.847332511688526e-17,-8.08757928366967e-15
30,21,9.289626748832025e-15,1.1408489022958725e-14
30,22,-1.1298387673071005e-14,3.728915988609407e-15
30,23,1.7432540465080417e-15,-5.695243135896857e-15
30,24,-1.4663681213820633e-16,5.7716361384031735e-15
30,25,-3.123038512230359e-15,2.9447273300893236e-15
30,26,1.2084085422053278e-15,5.718121699928651e-15
30,27,-7.863851422815776e-15,-2.5602065528582766e-15
30,28,4.618971461844021e-15,-5.616870756560286e-15
30,29,-4.085524350754116e-15,1.0200027536538418e-14
30,30,-9.3129002921774e-15,-3.723289486646157e-15
31,0,1.3472597027956032e-14,0.0
31,1,1.0834167894362592e-13,8.13324337518707e-15
31,2,-8.274052963652468e-15,-3.17521953130817e-14
31,3,3.639580582213944e-14,-3.563222139883378e-14
31,4,-2.796316794773892e-16,1.4969709971074096e-14
31,5,9.544186840919872e-15,8.262011196893032e-15
31,6,-3.5689438746624094e-15,-3.0213983361296942e-15
31,7,4.061645335528949e-15,2.4880650741790537e-15
31,8,5.971140996574645e-15,1.905129225775257e-14
31,9,-8.04626543373131e-15,1.7831563721220223e-15
31,10,2.2837032805082257e-14,-7.686608885045538e-15
31,11,1.9892873191362503e-15,2.1134873855144388e-14
31,12,-3.9699422906306915e-15,-6.617475787431945e-15
31,13,1.2935140232114602e-14,-1.0756016374948856e-16
31,14,-2.257307616168796e-15,1.0956926511993755e-14
31,15,2.0135982586361289e-16,-1.0215300846623837e-15
31,16,-2.8958939254619395e-15,6.845132519518859e-15
31,17,1.1134241482678667e-16,9.68951715073032e-16
31,18,3.99660451167731e-15,6.490111474884521e-15
31,19,-7.216060173863122e-15,1.191851729804721e-14
31,20,-2.759395170920817e-17,-7.837801566267719e-15
31,21,9.002724860955072e-15,1.1056147951890193e-14
31,22,-1.0949446984600683e-14,3.613751723586476e-15
31,23,1.6894151904899377e-15,-5.5193505998687e-15
31,24,-1.4210806417317115e-16,5.593384272206837e-15
31,25,-3.0265862360198023e-15,2.8537820366853978e-15
31,26,1.1710879155042675e-15,5.541522579729773e-15
31,27,-7.620983342085473e-15,-2.4811368428225815e-15
31,28,4.476318622469238e-15,-5.443398681999206e-15
31,29,-3.959346552561525e-15,9.885008727306099e-15
31,30,-9.025279621543733e-15,-3.608298991149069e-15
31,31,3.140202034726861e-15,-3.654965460493397e-15
32,0,1.3069305234364551e-14,0.0
32,1,1.0509855440488833e-13,7.88978101216315e-15
32,2,-8.026375574277708e-15,-3.080171785341241e-14
32,3,3.530632546592004e-14,-3.4565598352975145e-14
32,4,-2.712611209779828e-16,1.4521603257034368e-14
32,5,9.258488974245778e-15,8.01469426851212e-15
32,6,-3.4621102943620937e-15,-2.930955108917923e-15
32,7,3.940063117275186e-15,2.413586766525683e-15
32,8,5.7923994994973324e-15,1.8481006528214187e-14
32,9,-7.805406688253421e-15,1.7297789624010197e-15
32,10,2.2153423854175604e-14,-7.456516180761891e-15
32,11,1.9297395386126786e-15,2.050221771864121e-14
32,12,-3.851105132247575e-15,-6.419386757245423e-15
32,13,1.254793679288591e-14,-1.0434043326489722e-16
32,14,-2.18973685491739e-15,1.0628939373648951e-14
32,15,1.953322748902335e-16,-9.90951370016923e-16
32,16,-2.809207575916502e-15,6.640228760767681e-15
32,17,1.080094655754192e-16,9.39946893340111e-16
32,18,3.876969240285638e-15,6.295834997091588e-15
32,19,-7.000052982069096e-15,1.1561745681698362e-14
32,20,-2.6767948062398906e-17,-7.603183025765452e-15
32,21,8.733235240739212e-15,1.0725190696323332e-14
32,22,-1.0621683740135529e-14,3.5055768549122813e-15
32,23,1.6388438506896298e-15,-5.354133099615227e-15
32,24,-1.3785416895421006e-16,5.425950631112703e-15
32,25,-2.9359877130289535e-15,2.7683562740276238e-15
32,26,1.136032302624508e-15,5.37564137837197e-15
32,27,-7.39285508777913e-15,-2.406865926427509e-15
32,28,4.342323479424687e-15,-5.280454743785831e-15
32,29,-3.8408265694194894e-15,9.5891086205167e-15
32,30,-8.755114841977901e-15,-3.5002873458118515e-15
32,31,3.046202510492835e-15,-3.545556890414543e-15
32,32,-1.995512009649572e-15,8.378096148274173e-15
33,0,1.2689749825508253e-14,0.0
33,1,1.0204630915756912e-13,7.660648016632202e-15
33,2,-7.793275634525838e-15,-2.9907182267650135e-14
33,3,3.428096822181843e-14,-3.35617531156071e-14
33,4,-2.63383225111805e-16,1.4099870581682968e-14
33,5,8.989606313308962e-15,7.781933574244712e-15
33,6,-3.361564575617459e-15,-2.845835062767368e-15
33,7,3.8256368152966545e-15,2.3434919990111843e-15
33,8,5.6241781196408215e-15,1.79442858790975e-14
33,9,-7.57872407018587e-15,1.6795431656595977e-15
33,10,2.1510049803470198e-14,-7.239965951282895e-15
33,11,1.8736965381295002e-15,1.9906797572802212e-14
33,12,-3.739262325242395e-15,-6.232956574342784e-15
33,13,1.2183522832516856e-14,-1.0131020517718151e-16
33,14,-2.1261430790929103e-15,1.0320256443888739e-14
33,15,1.8965948508776943e-16,-9.621724146203877e-16
33,16,-2.7276232903773143e-15,6.447384941069789e-15
33,17,1.0487268239286453e-16,9.126491968667866e-16
33,18,3.764375294491896e-15,6.112992972702288e-15
33,19,-6.796759239671919e-15,1.1225972430510468e-14
33,20,-2.5990560183787472e-17,-7.382373335410555e-15
33,21,8.479606863943697e-15,1.0413712460349398e-14
33,22,-1.0313211526621921e-14,3.4037687914702536e-15
33,23,1.5912489681273528e-15,-5.198639740079019e-15
33,24,-1.3385064355468223e-16,5.268371565256093e-15
33,25,-2.8507215112812403e-15,2.6879583815148972e-15
33,26,1.1030399440129087e-15,5.219523380923423e-15
33,27,-7.178153687426244e-15,-2.336966343826483e-15
33,28,4.216214835234048e-15,-5.1271011321527594e-15
33,29,-3.729282269798346e-15,9.310624188654348e-15
33,30,-8.500851043417814e-15,-3.3986328989357592e-15
33,31,2.9577354788797803e-15,-3.4425877370408757e-15
33,32,-1.9375588619406437e-15,8.134781629868544e-15
33,33,-7.391285436120763e-15,-1.0057425440215395e-15
34,0,1.2331878126874898e-14,0.0
34,1,9.916843634686373e-14,7.444605213894395e-15
34,2,-7.57349251605652e-15,-2.9063750815759186e-14
34,3,3.3314188852876314e-14,-3.261525678890631e-14
34,4,-2.559553874114257e-16,1.3702231171532088e-14
34,5,8.736084713149272e-15,7.562470320424786e-15
34,6,-3.266762956887064e-15,-2.76557785975335e-15
34,7,3.717747600436607e-15,2.2774016919561186e-15
34,8,5.465567098559341e-15,1.7438227670179426e-14
34,9,-7.36499165672103e-15,1.632177301565538e-15
34,10,2.0903431220227355e-14,-7.035787070795826e-15
34,11,1.8208552314020857e-15,1.934539332451604e-14
34,12,-3.6338090122637365e-15,-6.0571770052070595e-15
34,13,1.183992756299889e-14,-9.845309170259026e-17
34,14,-2.0661823670445898e-15,1.0029208333824177e-14
34,15,1.8431077742815498e-16,-9.350375789354327e-16
34,16,-2.650699852675095e-15,6.265558141303755e-15
34,17,1.0191510123450884e-16,8.8691099691563015e-16
34,18,3.6582137547091936e-15,5.9405965733282674e-15
34,19,-6.6050795132982816e-15,1.0909381648362634e-14
34,20,-2.5257583880132732e-17,-7.174178333789777e-15
34,21,8.240468082338834e-15,1.0120028737777249e-14
34,22,-1.002236209474595e-14,3.3077769448295836e-15
34,23,1.5463731448051623e-15,-5.052029597251367e-15
34,24,-1.3007583649932225e-16,5.11979487091497e-15
34,25,-2.7703265024275495e-15,2.6121535591128946e-15
34,26,1.0719324136161437e-15,5.072324285269639e-15
34,27,-6.9757180138712994e-15,-2.2710600709200613e-15
34,28,4.097310681437783e-15,-4.982508495067023e-15
34,29,-3.624110410705172e-15,9.048049359398636e-15
34,30,-8.261113141207815e-15,-3.302785892864099e-15
34,31,2.8743225011229515e-15,-3.3455011326483554e-15
34,32,-1.8829165332376004e-15,7.905367483811819e-15
34,33,-7.182839098684591e-15,-9.773789594303514e-16
34,34,1.5048696366405917e-15,2.07271140388675e-15
35,0,1.1993868241135362e-14,0.0
35,1,9.645028494334622e-14,7.240552746635534e-15
35,2,-7.365907319895468e-15,-2.8267129653003127e-14
35,3,3.240106555958606e-14,-3.172129083277521e-14
35,4,-2.4893979332565446e-16,1.3326660674887877e-14
35,5,8.496633514773636e-15,7.355187236484416e-15
35,6,-3.1772228104117943e-15,-2.68977491661999e-15
35,7,3.61584621698931e-15,2.2149793846837556e-15
35,8,5.315758959727695e-15,1.696025559798939e-14
35,9,-7.163121352559033e-15,1.5874402341429748e-15
35,10,2.033047985583499e-14,-6.842940080303383e-15
35,11,1.7709466073966984e-15,1.8815146907876895e-14
35,12,-3.5342083385952373e-15,-5.891153169553647e-15
35,13,1.1515401767206922e-14,-9.575454749588313e-17
35,14,-2.009549463393054e-15,9.75431333988273e-15
35,15,1.7925892205153657e-16,-9.094087215978496e-16
35,16,-2.5780456514970976e-15,6.0938226951983366e-15
35,17,9.912166528185079e-17,8.626012622876768e-16
35,18,3.5579441606929074e-15,5.777768142142318e-15
35,19,-6.424037976184398e-15,1.061036159590072e-14
35,20,-2.456528762537369e-17,-6.97753811614161e-15
35,21,8.014601458756047e-15,9.842644407333514e-15
35,22,-9.747654752390481e-15,3.2171126278722886e-15
35,23,1.5039879213534981e-15,-4.913556290156461e-15
35,24,-1.2651053053535936e-16,4.979464155550823e-15
35,25,-2.6943934016530574e-15,2.5405558902934393e-15
35,26,1.0425513453863755e-15,4.93329471212121e-15
35,27,-6.784517482649589e-15,-2.208811583935229e-15
35,28,3.985005686122107e-15,-4.845940722519577e-15
35,29,-3.524775570283719e-15,8.800047384462557e-15
35,30,-8.034680648102349e-15,-3.2122583778510993e-15
35,31,2.7955389281596532e-15,-3.253802816791375e-15
35,32,-1.8313068436421672e-15,7.688685780308036e-15
35,33,-6.985961494312164e-15,-9.505895485229148e-16
35,34,1.4636220011465903e-15,2.015899542985207e-15
35,35,-3.3224983629134205e-15,-1.6286631389089767e-15
36,0,1.1674097534143394e-14,0.0
36,1,9.387880631894946e-14,7.047511050307452e-15
36,2,-7.169523522444536e-15,-2.7513494557798948e-14
36,3,3.153721484578989e-14,-3.0875563716855677e-14
36,4,-2.423027641279214e-16,1.2971356145925705e-14
36,5,8.270103220172564e-15,7.159089249130982e-15
36,6,-3.0925142940324107e-15,-2.6180623373716276e-15
36,7,3.519443482030513e-15,2.1559254156411616e-15
36,8,5.1740345413352096e-15,1.6508075132580164e-14
36,9,-6.972144068739861e-15,1.5451172007584309e-15
36,10,1.9788445227282918e-14,-6.660499207735056e-15
36,11,1.723731077151832e-15,1.831351284721124e-14
36,12,-3.4399821659903493e-15,-5.734088061270632e-15
36,13,1.1208387542074185e-14,-9.320161805436744e-17
36,14,-1.9559724989204396e-15,9.49425181425935e-15
36,15,1.7447966726178978e-16,-8.8516280993670235e-16
36,16,-2.509311906548207e-15,5.931354177756727e-15
36,17,9.647896449940512e-17,8.396032928295945e-16
36,18,3.4630851630093534e-15,5.6237260127389e-15
36,19,-6.2527655289565406e-15,1.0327476811713662e-14
36,20,-2.391034801510804e-17,-6.791508700810065e-15
36,21,7.800922708648094e-15,9.580227871022987e-15
36,22,-9.48777075258172e-15,3.1313406017998954e-15
36,23,1.4638898252889493e-15,-4.78255507043659e-15
36,24,-1.2313761022492318e-16,4.846705754220334e-15
36,25,-2.6225576881335356e-15,2.4728216667002977e-15
36,26,1.0147556939679078e-15,4.8017672427361195e-15
36,27,-6.603634225604499e-15,-2.1499220557524385e-15
36,28,3.8787607232795226e-15,-4.7167422137710295e-15
36,29,-3.4308008864338532e-15,8.565427717386238e-15
36,30,-7.820466563067914e-15,-3.1266157718231813e-15
36,31,2.7210065553247356e-15,-3.1670525869056296e-15
36,32,-1.7824820381384466e-15,7.483696327499485e-15
36,33,-6.7997075017601e-15,-9.252457073301442e-16
36,34,1.4246001082371397e-15,1.96215327788332e-15
36,35,-3.233916628553138e-15,-1.5852410541478238e-15
36,36,7.203814081353812e-16,4.776107095961101e-16
37,0,1.1371116131326983e-14,0.0
37,1,9.144234111467511e-14,6.864604853221016e-15
37,2,-6.983450698570798e-15,-2.679942846805428e-14
37,3,3.071871991999766e-14,-3.0074240823987895e-14
37,4,-2.360142068182827e-16,1.2634706595925845e-14
37,5,8.05546671677211e-15,6.973287229125095e-15
37,6,-3.012253330279507e-15,-2.5501149695071984e-15
37,7,3.4281022952535496e-15,2.0999720278192703e-15
37,8,5.039751249717213e-15,1.6079636039379212e-14
37,9,-6.791193893841401e-15,1.505016304253808e-15
37,10,1.9274869691616655e-14,-6.487637246669965e-15
37,11,1.6789945604055696e-15,1.7838216680058602e-14
37,12,-3.3507032629088126e-15,-5.585269530365314e-15
37,13,1.0917492852281205e-14,-9.078272812302306e-17
37,14,-1.905208549941944e-15,9.24784461019382e-15
37,15,1.699513434067504e-16,-8.621899103964025e-16
37,16,-2.4441869716805385e-15,5.7774159393514245e-15
37,17,9.397501659929454e-17,8.1781281328916e-16
37,18,3.3732066608217095e-15,5.4777717416347394e-15
37,19,-6.090485604028334e-15,1.0059444665946897e-14
37,20,-2.3289795483123593e-17,-6.615246610537723e-15
37,21,7.598462989717707e-15,9.331589304215227e-15
37,22,-9.24153175348048e-15,3.050071967076352e-15
37,23,1.4258970475570933e-15,-4.6584319645562735e-15
37,24,-1.1994178238672915e-16,4.720917726138744e-15
37,25,-2.5544936510639694e-15,2.40864377412227e-15
37,26,9.884194309055915e-16,4.677145517506647e-15
37,27,-6.432248098710458e-15,-2.094124474955062e-15
37,28,3.778094066889911e-15,-4.594327168970173e-15
37,29,-3.341760267892217e-15,8.343126567516097e-15
37,30,-7.617499616541456e-15,-3.0454697620486093e-15
37,31,2.6503874448715495e-15,-3.0848571081743975e-15
37,32,-1.7362207398384516e-15,7.289469681291823e-15
37,33,-6.623232625513854e-15,-9.012325241665757e-16
37,34,1.3876270284779794e-15,1.9112289172691334e-15
37,35,-3.1499858070189965e-15,-1.5440988110765167e-15
37,36,7.016851304178647e-16,4.652151336322856e-16
37,37,-6.994003417767142e-15,9.682657970291404e-16
38,0,1.1083624522351101e-14,0.0
38,1,8.913043914551357e-14,6.69104965675273e-15
38,2,-6.806890767747054e-15,-2.6121868699872064e-14
38,3,2.994207019507317e-14,-2.9313885219194025e-14
38,4,-2.3004714929501777e-16,1.2315268109303248e-14
38,5,7.851803412245977e-15,6.796984257437988e-15
38,6,-2.9360956737607048e-15,-2.4856413815858384e-15
38,7,3.341430887344769e-15,2.0468792328720027e-15
38,8,4.912333133598622e-15,1.5673100710452954e-14
38,9,-6.619494718768443e-15,1.4669655488268324e-15
38,10,1.878755048421035e-14,-6.323612778978653e-15
38,11,1.6365451788270157e-15,1.7387219824922976e-14
38,12,-3.265988705328969e-15,-5.444059282813185e-15
38,13,1.0641470028326569e-14,-8.848750289852594e-17
38,14,-1.857039886010315e-15,9.0140348684026e-15
38,15,1.6565452816017907e-16,-8.403914904594401e-16
38,16,-2.3823915210835247e-15,5.631347727142144e-15
38,17,9.159908195808237e-17,7.971363626383868e-16
38,18,3.2879231583820398e-15,5.3392793198339775e-15
38,19,-5.936502170430051e-15,9.805115548293304e-15
38,20,-2.270096843230171e-17,-6.447995843781743e-15
38,21,7.406353936795502e-15,9.095662277141773e-15
38,22,-9.007881617247128e-15,2.9729581563316643e-15
38,23,1.3898466342377889e-15,-4.540654599051638e-15
38,24,-1.1690933987153943e-16,4.601560556863928e-15
38,25,-2.489909358600381e-15,2.347746948685369e-15
38,26,9.634295979593589e-16,4.558895024352516e-15
38,27,-6.269624013803278e-15,-2.0411795214652285e-15
38,28,3.682573949989508e-15,-4.47817054065732e-15
38,29,-3.2572718126577093e-15,8.132190468272801e-15
38,30,-7.424909267815759e-15,-2.968472307105145e-15
38,31,2.583378706051583e-15,-3.006863837923076e-15
38,32,-1.6923245305069581e-15,7.1051727887922355e-15
38,33,-6.45577995137532e-15,-8.78447004658931e-16
38,34,1.3525441815113113e-15,1.8629080426776595e-15
38,35,-3.0703459126188153e-15,-1.5050599474779678e-15
38,36,6.839446918533047e-16,4.534532761555676e-16
38,37,-6.817176686553198e-15,9.437855007513345e-16
38,38,4.611191127843985e-16,-1.2559536182390309e-15
39,0,1.081045455242567e-14,0.0
39,1,8.693370653952164e-14,6.526140260027967e-15
39,2,-6.63912632006467e-15,-2.547806214789529e-14
39,3,2.920410993683823e-14,-2.859140737563513e-14
39,4,-2.243773458180392e-16,1.201174272261608e-14
39,5,7.658285768477164e-15,6.629463968254274e-15
39,6,-2.8637318756834613e-15,-2.424379600290023e-15
39,7,3.2590770893463635e-15,1.9964313006674187e-15
39,8,4.791262459320296e-15,1.5286817284748768e-14
39,9,-6.456348884154411e-15,1.430810324148609e-15
39,10,1.8324507497649883e-14,-6.167759329669704e-15
39,11,1.5962104493005635e-15,1.6958689761757904e-14
39,12,-3.1854942754958062e-15,-5.309883543860701e-15
39,13,1.0379197516140842e-14,-8.63066162709772e-17
39,14,-1.8112707850462058e-15,8.791872557784557e-15
39,15,1.6157176242012054e-16,-8.196789773540525e-16
39,16,-2.323674463423136e-15,5.49255602717424e-15
39,17,8.934150652206618e-17,7.774899269648149e-16
39,18,3.2068881261612055e-15,5.207686015831188e-15
39,19,-5.790189552559572e-15,9.563456051975895e-15
39,20,-2.2141474301891148e-17,-6.289076816240424e-15
39,21,7.223814959758562e-15,8.871488155608862e-15
39,22,-8.785870961300327e-15,2.899685835664633e-15
39,23,1.3555921029235901e-15,-4.428744413194711e-15
39,24,-1.1402796105973392e-16,4.4881492665054625e-15
39,25,-2.4285423876032763e-15,2.2898837504083434e-15
39,26,9.39684654798473e-16,4.44653528010241e-15
39,27,-6.1151011860188605e-15,-1.9908720658701175e-15
39,28,3.591812248964885e-15,-4.367800353590317e-15
39,29,-3.1769922216892206e-15,7.931762330242127e-15
39,30,-7.24191297113518e-15,-2.8953105458761227e-15
39,31,2.5197080645556536e-15,-2.9327558687728297e-15
39,32,-1.6506150481827959e-15,6.930056802761192e-15
39,33,-6.296669074639457e-15,-8.567965651876323e-16
39,34,1.3192090164088501e-15,1.816994313557201e-15
39,35,-2.9946733473023533e-15,-1.467965838077254e-15
39,36,6.670880083264079e-16,4.422773456140548e-16
39,37,-6.649158729369003e-15,9.2052471125631e-16
39,38,4.497542479861245e-16,-1.2249990499540603e-15
39,39,9.480950145966608e-16,2.727015431301935e-15
40,0,1.0550553219636093e-14,0.0
40,1,8.484367544190329e-14,6.3692409785659865e-15
40,2,-6.47951066553551e-15,-2.486552709888129e-14
40,3,2.85019944930603e-14,-2.7904022321915075e-14
40,4,-2.1898294071295405e-16,1.1722960421409983e-14
40,5,7.47416782334746e-15,6.470080612755763e-15
40,6,-2.794882991704284e-15,-2.3660934767743512e-15
40,7,3.1807234479636304e-15,1.9484337670438338e-15
40,8,4.676072529712517e-15,1.491929673626957e-14
40,9,-6.301127503609436e-15,1.3964112608703801e-15
40,10,1.788395581702854e-14,-6.019476122674785e-15
40,11,1.5578348915315537e-15,1.6550974614344714e-14
40,12,-3.108909687513874e-15,-5.182225099591382e-15
40,13,1.0129664320783578e-14,-8.423166146786465e-17
40,14,-1.7677248186121947e-15,8.580501298194775e-15
40,15,1.5768730814574152e-16,-7.999725295223918e-16
40,16,-2.267809459127154e-15,5.360505832155965e-15
40,17,8.719358790255693e-17,7.587977741724714e-16
40,18,3.1297891943767554e-15,5.0824845703507596e-15
40,19,-5.650983751867606e-15,9.3335346400751e-15
40,20,-2.1609156381947953e-17,-6.137876934808042e-15
40,21,7.0501424165031754e-15,8.658202804443648e-15
40,22,-8.574643990085981e-15,2.829972558604401e-15
40,23,1.3230014109632957e-15,-4.322270021207611e-15
40,24,-1.1128653895662236e-16,4.380246682903037e-15
40,25,-2.370156183747265e-15,2.234831131133349e-15
40,26,9.170930706056291e-16,4.339633166043276e-15
40,27,-5.968083968502063e-15,-1.943008185510241e-15
40,28,3.5054591001579798e-15,-4.262791158301466e-15
40,29,-3.1006120372413914e-15,7.74106955307879e-15
40,30,-7.067805321543164e-15,-2.8257024580696693e-15
40,31,2.459130085984742e-15,-2.8622475330368936e-15
40,32,-1.6109315132430944e-15,6.763446694868831e-15
40,33,-6.145286662669879e-15,-8.361977487232653e-16
40,34,1.2874930344462088e-15,1.7733107439649645e-15
40,35,-2.92267641225593e-15,-1.4326734943598254e-15
40,36,6.510501015380135e-16,4.3164426159059565e-16
40,37,-6.489301879010691e-15,8.98393764018058e-16
40,38,4.3894140677648827e-16,-1.1955480324963728e-15
40,39,9.253012313463963e-16,2.6614534383537215e-15
40,40,-2.2658711108045636e-15,-3.576506754882433e-16
41,0,1.0302968808253654e-14,0.0
41,1,8.285269250418289e-14,6.2197772731276504e-15
41,2,-6.327459318011177e-15,-2.428202055070969e-14
41,3,2.783315283301763e-14,-2.7249212967566158e-14
41,4,-2.1384418055976061e-16,1.1447863732622839e-14
41,5,7.298775367369604e-15,6.318250555434719e-15
41,6,-2.729296908588183e-15,-2.3105695768870224e-15
41,7,3.1060830451107494e-15,1.9027108729653127e-15
41,8,4.566341538289642e-15,1.456919326550421e-14
41,9,-6.153262182090242e-15,1.3636423953072974e-15
41,10,1.7464282214898573e-14,-5.878220169395541e-15
41,11,1.521277980569479e-15,1.6162581397193624e-14
41,12,-3.035954501278546e-15,-5.060616485879475e-15
41,13,9.891956692931868e-15,-8.225504034761163e-17
41,14,-1.7262425285757175e-15,8.379147083012389e-15
41,15,1.5398694110744403e-16,-7.811999852092363e-16
41,16,-2.21459193978224e-15,5.234713596096115e-15
41,17,8.514746077654048e-17,7.409914566869437e-16
41,18,3.056344039482061e-15,4.963216516390455e-15
41,19,-5.5183750197175275e-15,9.11450937837794e-15
41,20,-2.1102065412221514e-17,-5.993842530506471e-15
41,21,6.884700346877511e-15,8.455025207938248e-15
41,22,-8.373427225343419e-15,2.7635630466513684e-15
41,23,1.2919552166289685e-15,-4.220841531463112e-15
41,24,-1.0867503492751754e-16,4.2774576846277566e-15
41,25,-2.3145369464028788e-15,2.1823874972667362e-15
41,26,8.95572118733056e-16,4.237797224300346e-15
41,27,-5.828034008498778e-15,-1.897412610765829e-15
41,28,3.4231982926088032e-15,-4.162758428471708e-15
41,29,-3.0278515677015585e-15,7.559413851347194e-15
41,30,-6.901948765600375e-15,-2.7593931503718476e-15
41,31,2.401422943792592e-15,-2.79508064084219e-15
41,32,-1.5731286111411065e-15,6.604732366434462e-15
41,33,-6.001078378091796e-15,-8.165751258041505e-16
41,34,1.2572800969389043e-15,1.731697371888361e-15
41,35,-2.8540914666018017e-15,-1.399053681595492e-15
41,36,6.357722433239276e-16,4.215150874887468e-16
41,37,-6.337020766110599e-15,8.773116191652084e-16
41,38,4.28640994317938e-16,-1.1674927211071888e-15
41,39,9.035876627831882e-16,2.5989984780081157e-15
41,40,-2.2126990776837853e-15,-3.4925787085251224e-16
41,41,2.926670894446209e-16,-2.610827990582526e-15
42,0,1.0066838975689144e-14,0.0
42,1,8.095382308386019e-14,6.077228557953863e-15
42,2,-6.1824426789116e-15,-2.372551013573359e-14
42,3,2.7195255364771598e-14,-2.6624698595515304e-14
42,4,-2.0894316693056087e-16,1.118549448772713e-14
42,5,7.131497504309172e-15,6.173444968470285e-15
42,6,-2.6667451883958942e-15,-2.257614509520235e-15
42,7,3.034895906430303e-15,1.8591033644681456e-15
42,8,4.461687289311918e-15,1.4235287453460252e-14
42,9,-6.0122379010482065e-15,1.3323895926953135e-15
42,10,1.7064024957790337e-14,-5.7434994718753516e-15
42,11,1.4864123877950762e-15,1.5792157327184577e-14
42,12,-2.9663746120832993e-15,-4.944634136934903e-15
42,13,9.665246691076267e-15,-8.036986829028103e-17
42,14,-1.6866794311011547e-15,8.187108590557661e-15
42,15,1.5045777283589756e-16,-7.632959591814102e-16
42,16,-2.1638365474607012e-15,5.114741181545163e-15
42,17,8.319599843295355e-17,7.240089546668413e-16
42,18,2.986296850197717e-15,4.849466440387329e-15
42,19,-5.391901476636411e-15,8.9056173965154e-15
42,20,-2.061843518240256e-17,-5.8564719279658984e-15
42,21,6.72691251208734e-15,8.261247693530965e-15
42,22,-8.181519824136154e-15,2.7002259938433962e-15
42,23,1.2623453852627847e-15,-4.124105666038838e-15
42,24,-1.0618435303970869e-16,4.1794242550725985e-15
42,25,-2.2614909523996106e-15,2.132370186342952e-15
42,26,8.750468411765064e-16,4.140672757785923e-15
42,27,-5.694463508556602e-15,-1.8539265311295395e-15
42,28,3.3447433099031103e-15,-4.067353747644753e-15
42,29,-2.9584573865662337e-15,7.386162513774039e-15
42,30,-6.743765620846559e-15,-2.6961516658344018e-15
42,31,2.3463856425848028e-15,-2.7310212482525853e-15
42,32,-1.537074673439809e-15,6.453361011551761e-15
42,33,-5.863541939906122e-15,-7.978603503524369e-16
42,34,1.2284649714831188e-15,1.6920092569298038e-15
42,35,-2.7886796272887883e-15,-1.366989301150192e-15
42,36,6.212012205285391e-16,4.118545431461882e-16
42,37,-6.191784991810207e-15,8.572048470691476e-16
42,38,4.1881713402074904e-16,-1.1407353984474834e-15
42,39,8.828786800141221e-16,2.5394330181034093e-15
42,40,-2.161987067150418e-15,-3.412533622394051e-16
42,41,2.8595956347673296e-16,-2.550991414567939e-15
42,42,-7.085085831758039e-16,6.842060436907016e-16
43,0,9.84138048032902e-15,0.0
43,1,7.914076863943988e-14,5.941121999584872e-15
43,2,-6.0439797286842456e-15,-2.319414991136011e-14
43,3,2.658618618523244e-14,-2.602840769434384e-14
43,4,-2.0426364318475476e-16,1.0934982409094294e-14
43,5,6.971779374231904e-15,6.035183532368933e-15
43,6,-2.6070203473473233e-15,-2.2070526229490064e-15
43,7,2.9669259044971456e-15,1.8174665956389073e-15
43,8,4.3617626450968954e-15,1.3916471736031305e-14
43,9,-5.87758688356487e-15,1.3025491876259544e-15
43,10,1.6681856394146685e-14,-5.6148671621545095e-15
43,11,1.453122464190831e-15,1.543847370931051e-14
43,12,-2.899939223742443e-15,-4.83389333981757e-15
43,13,9.448782319140159e-15,-7.856989218847021e-17
43,14,-1.6489042955686122e-15,8.003748829997795e-15
43,15,1.470880970955051e-16,-7.462010638635159e-16
43,16,-2.1153749267499816e-15,5.000190640532988e-15
43,17,8.133272787980626e-17,7.077939372278375e-16
43,18,2.9194152803056975e-15,4.740857033840792e-15
43,19,-5.271143610439464e-15,8.706165800704624e-15
43,20,-2.0156661493151063e-17,-5.725309469503348e-15
43,21,6.576255530580334e-15,8.076227502060853e-15
43,22,-7.998285230460488e-15,2.639751311455566e-15
43,23,1.234073701184649e-15,-4.031741552495676e-15
43,24,-1.0380623171235507e-16,4.0858212177839465e-15
43,25,-2.210842248409225e-15,2.0846132911621826e-15
43,26,8.554491556808188e-16,4.047937605072787e-15
43,27,-5.566929415916125e-15,-1.812405703466945e-15
43,28,3.2698339172091665e-15,-3.976260658914924e-15
43,29,-2.892199313642542e-15,7.22074086643644e-15
43,30,-6.592731194487979e-15,-2.635768232731946e-15
43,31,2.2938356238759204e-15,-2.6698568705452916e-15
43,32,-1.5026501093868043e-15,6.308830532103961e-15
43,33,-5.7322211403537754e-15,-7.799913455404622e-16
43,34,1.2009520784347581e-15,1.6541147537869559e-15
43,35,-2.7262239235342815e-15,-1.3363739956153566e-15
43,36,6.072887011334774e-16,4.0263058457992786e-16
43,37,-6.053112809686486e-15,8.380067536554814e-16
43,38,4.0943724018362784e-16,-1.1151873105959643e-15
43,39,8.631055914346566e-16,2.4825594802717168e-15
43,40,-2.1135668676891053e-15,-3.336105987291431e-16
43,41,2.795551685051834e-16,-2.4938590130867966e-15
43,42,-6.926407144735914e-16,6.688824584521437e-16
43,43,6.607832523549416e-17,-8.208102267129031e-16
44,0,9.625880293245483e-15,0.0
44,1,7.740779525406743e-14,5.811027151107493e-15
44,2,-5.911632568154893e-15,-2.2686259412142813e-14
44,3,2.6004019068717937e-14,-2.545845445060642e-14
44,4,-1.9979080998735285e-16,1.0695535234012999e-14
44,5,6.8191158569077696e-15,5.9030289852595536e-15
44,6,-2.5499335012786356e-15,-2.1587240115210273e-15
44,7,2.9019580792250608e-15,1.777668887160801e-15
44,8,4.2662515866726075e-15,1.3611737835268918e-14
44,9,-5.7488832859812095e-15,1.2740268076427841e-15
44,10,1.6316567888024517e-14,-5.491916431176061e-15
44,11,1.4213029279464666e-15,1.51004119933459e-14
44,12,-2.836438229497123e-15,-4.7280438686834435e-15
44,13,9.241878992766762e-15,-7.684941948653659e-17
44,14,-1.612797655358112e-15,7.828487912722855e-15
44,15,1.4386725704108392e-16,-7.298612354028705e-16
44,16,-2.069053814241668e-15,4.890699698622755e-15
44,17,7.955175638813943e-17,6.922951231951855e-16
44,18,2.855487811965466e-15,4.637044811584873e-15
44,19,-5.155719515571433e-15,8.51552381073358e-15
44,20,-1.971528395151086e-17,-5.5999403442820206e-15
44,21,6.4322529386693855e-15,7.899379493684174e-15
44,22,-7.823143951555876e-15,2.5819477438961435e-15
44,23,1.2070507531326223e-15,-3.943457082591081e-15
44,24,-1.0153314996339078e-16,3.9963525463325934e-15
44,25,-2.162430654212997e-15,2.038965777061879e-15
44,26,8.367170831369165e-16,3.959298484479972e-15
44,27,-5.445028394711968e-15,-1.7727188151336391e-15
44,28,3.1982332081115843e-15,-3.889191073748309e-15
44,29,-2.828867802944563e-15,7.062625751315236e-15
44,30,-6.44836782914067e-15,-2.578051884055263e-15
44,31,2.2436066944008136e-15,-2.6113940709168458e-15
44,32,-1.4697460487886794e-15,6.170683839913348e-15
44,33,-5.606700667832716e-15,-7.629115993378352e-16
44,34,1.1746544062638314e-15,1.6178940183310691e-15
44,35,-2.6665268346220557e-15,-1.3071109418553366e-15
44,36,5.939906857819151e-16,3.938140403485614e-16
44,37,-5.920565658854089e-15,8.196566235542231e-16
44,38,4.004716482085081e-16,-1.0907676598623124e-15
44,39,8.442058632106752e-16,2.4281979978034896e-15
44,40,-2.067285346889156e-15,-3.2630540952495773e-16
44,41,2.73433650163986e-16,-2.4392501007543884e-15
44,42,-6.774737159159113e-16,6.542357028245722e-16
44,43,6.463138479061669e-17,-8.028366550406904e-16
44,44,1.130493266446407e-17,1.888882300674419e-15
45,0,9.419687881637174e-15,0.0
45,1,7.574967158179216e-14,5.6865512937618535e-15
45,2,-5.7850016794843355e-15,-2.220030546340694e-14
45,3,2.5446996620906088e-14,-2.491311834013408e-14
45,4,-1.9551116514724644e-16,1.0466430140644003e-14
45,5,6.67304610528631e-15,5.776582390747204e-15
45,6,-2.4953123214953796e-15,-2.1124827851217523e-15
45,7,2.8397963115203965e-15,1.7395901012504932e-15
45,8,4.174865793749225e-15,1.3320165847572002e-14
45,9,-5.6257385893218345e-15,1.2467363519214684e-15
45,10,1.5967056738964907e-14,-5.3742761262067475e-15
45,11,1.3908577250755274e-15,1.4776951668644806e-14
45,12,-2.7756799381927518e-15,-4.626766194561753e-15
45,13,9.043912130593343e-15,-7.520325657448098e-17
45,14,-1.5782505149549776e-15,7.66079677666089e-15
45,15,1.4078552988709165e-16,-7.142271485783398e-16
45,16,-2.024733379880436e-15,4.785937834295534e-15
45,17,7.784770771958729e-17,6.77465726127319e-16
45,18,2.7943214666203607e-15,4.53771639451455e-15
45,19,-5.045280760038844e-15,8.333115933515824e-15
45,20,-1.9292970166208836e-17,-5.479986099135173e-15
45,21,6.2944700341354975e-15,7.730169815359491e-15
45,22,-7.65556728650404e-15,2.5266407988955752e-15
45,23,1.1811949666341463e-15,-3.858985751018021e-15
45,24,-9.935824601576636e-17,3.910748160649183e-15
45,25,-2.116110029195378e-15,1.9952898473856903e-15
45,26,8.187940768299574e-16,3.874487820112485e-15
45,27,-5.328392460981398e-15,-1.7347460628802875e-15
45,28,3.1297250407568487e-15,-3.80588215422389e-15
45,29,-2.7682716749395705e-15,6.9113398645613255e-15
45,30,-6.310239733514866e-15,-2.5228283908234066e-15
45,31,2.195547227533802e-15,-2.555456367066548e-15
45,32,-1.4382631637933014e-15,6.038503910030263e-15
45,33,-5.486601612302433e-15,-7.465695529255395e-16
45,34,1.1494925698961153e-15,1.5832377106268867e-15
45,35,-2.6094081522886794e-15,-1.2791118031656646e-15
45,36,5.812670316076377e-16,3.853782958523763e-16
45,37,-5.7937434177608676e-15,8.020990630244123e-16
45,38,3.9189329356360256e-16,-1.0674027303764157e-15
45,39,8.261224425232781e-16,2.37618446908956e-15
45,40,-2.0230027942111736e-15,-3.1931574237129493e-16
45,41,2.6757652935792973e-16,-2.3869998290422743e-15
45,42,-6.629618027162462e-16,6.402215624845645e-16
45,43,6.324693986822209e-17,-7.856393888180315e-16
45,44,1.1062773894757462e-17,1.8484212534813007e-15
45,45,-1.5036549714449729e-15,-1.2209044925906314e-15
46,0,9.222208488085407e-15,0.0
46,1,7.416161480181338e-14,5.56733537970994e-15
46,2,-5.6637217986947e-15,-2.1734886341811202e-14
46,3,2.4913512122952956e-14,-2.4390826353062634e-14
46,4,-1.9141236412421644e-16,1.0247006280448426e-14
46,5,6.533148784422437e-15,5.655479016446408e-15
46,6,-2.4429992544210686e-15,-2.0681955619635805e-15
46,7,2.78026129714876e-15,1.7031204004981687e-15
46,8,4.08734166604253e-15,1.3040914740036333e-14
46,9,-5.50779758545208e-15,1.2205991017503296e-15
46,10,1.563231478984319e-14,-5.261606916407135e-15
46,11,1.36169903706845e-15,1.4467159721105185e-14
46,12,-2.717489093891354e-15,-4.529768184257289e-15
46,13,8.854310701615355e-15,-7.362665513204919e-17
46,14,-1.5451632239021976e-15,7.500191720464973e-15
46,15,1.3783402646019308e-16,-6.992537072147026e-16
46,16,-1.982285782360537e-15,4.6856028642870714e-15
46,17,7.621566658372033e-17,6.632629709586969e-16
46,18,2.7357398113096154e-15,4.442585272023164e-15
46,19,-4.9395087857112085e-15,8.158416017592361e-15
46,20,-1.888850198253765e-17,-5.365100728714465e-15
46,21,6.162509385259432e-15,7.568110385538549e-15
46,22,-7.495071864147135e-15,2.47367094480288e-15
46,23,1.156431761248962e-15,-3.778083902102035e-15
46,24,-9.727524640748733e-17,3.8287611367899105e-15
46,25,-2.071746762545222e-15,1.953459519887276e-15
46,26,8.016284382474552e-16,3.793260977497978e-15
46,27,-5.2166851809714436e-15,-1.6983779151487965e-15
46,28,3.0641118048621344e-15,-3.7260935976188706e-15
46,29,-2.710236141446014e-15,6.766446825404012e-15
46,30,-6.177948480195313e-15,-2.4699384621001634e-15
46,31,2.149518596813154e-15,-2.5018824079335626e-15
46,32,-1.4081106427201316e-15,5.911909472391051e-15
46,33,-5.37157755071226e-15,-7.309180680346913e-16
46,34,1.125393990575046e-15,1.5500458653267485e-15
46,35,-2.5547031189671883e-15,-1.2522958166544257e-15
46,36,5.690810375135784e-16,3.772990183742659e-16
46,37,-5.672280270477149e-15,7.852834276737671e-16
46,38,3.8367743217600696e-16,-1.0450251265195881e-15
46,39,8.088031681482712e-16,2.3263688622648703e-15
46,40,-1.9805914776182805e-15,-3.1262143572893344e-16
46,41,2.619669113525074e-16,-2.3369574832054914e-15
46,42,-6.490631155842012e-16,6.267996139564523e-16
46,43,6.1920997067768e-17,-7.691688229135483e-16
46,44,1.083084796396353e-17,1.8096699580294346e-15
46,45,-1.4721315414117006e-15,-1.1953087953859038e-15
46,46,1.6644225578721513e-15,-5.524208397284753e-16
47,0,9.032897259162766e-15,0.0
47,1,7.263924340290635e-14,5.453050487547825e-15
47,2,-5.547458309816513e-15,-2.1288717937661795e-14
47,3,2.440209367010962e-14,-2.389013746522167e-14
47,4,-1.8748309816474925e-16,1.0036658254350782e-14
47,5,6.3990379120959935e-15,5.5393847333760474e-15
47,6,-2.3928499662425315e-15,-2.0257401518529203e-15
47,7,2.7231887766598468e-15,1.6681591635625608e-15
47,8,4.003437721035767e-15,1.2773214047853848e-14
47,9,-5.3947348704954424e-15,1.195542943426349e-15
47,10,1.5311418474433043e-14,-5.153597942988265e-15
47,11,1.3337464139561827e-15,1.4170181422538098e-14
47,12,-2.661705145760807e-15,-4.436782216437941e-15
47,13,8.672551588020029e-15,-7.211526525374409e-17
47,14,-1.5134444930601318e-15,7.346229628457291e-15
47,15,1.3500460344614538e-16,-6.848995989972891e-16
47,16,-1.9415939070879947e-15,4.589417960461959e-15
47,17,7.465113011474296e-17,6.496476717282258e-16
47,18,2.6795812169381344e-15,4.351388973595635e-15
47,19,-4.838111763543983e-15,7.990942059012054e-15
47,20,-1.8500763456842675e-17,-5.254967259756473e-15
47,21,6.0360069074117456e-15,7.412754075869395e-15
47,22,-7.341214871291429e-15,2.4228920357036255e-15
47,23,1.132692814317752e-15,-3.700528324454466e-15
47,24,-9.527840406056515e-17,3.750165269325693e-15
47,25,-2.029218454261946e-15,1.9133593830449713e-15
47,26,7.851728067162417e-16,3.715393848577374e-15
47,27,-5.109598349895338e-15,-1.6635140307866852e-15
47,28,3.001212470924473e-15,-3.64960526416194e-15
47,29,-2.6546010801404093e-15,6.627546868239536e-15
47,30,-6.051129072401883e-15,-2.419236172488345e-15
47,31,2.1053938074332026e-15,-2.450524380853851e-15
47,32,-1.3792052935755322e-15,5.790551247954499e-15
47,33,-5.261311127144371e-15,-7.159139616018149e-16
47,34,1.102292179370803e-15,1.518226904821727e-15
47,35,-2.502260801315293e-15,-1.2265889959582967e-15
47,36,5.573990818619087e-16,3.6955391686934786e-16
47,37,-5.555841095393978e-15,7.691633225018261e-16
47,38,3.7580139616045143e-16,-1.0235731076011205e-15
47,39,7.922002555252817e-16,2.278613734107476e-15
47,40,-1.9399343826170085e-15,-3.062040197420941e-16
47,41,2.5658931899062537e-16,-2.288984994440228e-15
47,42,-6.357393074943764e-16,6.139328255554272e-16
47,43,6.064989806082633e-17,-7.533795143869771e-16
47,44,1.0608514979301426e-17,1.7725214979678836e-15
47,45,-1.4419119869958051e-15,-1.1707717902543352e-15
47,46,1.630255700737613e-15,-5.410808805216774e-16
47,47,-7.788673581876963e-16,9.042930054663882e-16
48,0,8.85125410095811e-15,0.0
48,1,7.117853581344312e-14,5.343394716648529e-15
48,2,-5.435904085463791e-15,-2.0860621630421894e-14
48,3,2.3911390274081468e-14,-2.3409729032066473e-14
48,4,-1.8371298752543096e-16,9.83483039659542e-15
48,5,6.2703592143896304e-15,5.4279928611325735e-15
48,6,-2.3447319801182784e-15,-1.9850044024773488e-15
48,7,2.668427984459071e-15,1.6346140351099844e-15
48,8,3.922932313915484e-15,1.251635659962784e-14
48,9,-5.286251772388733e-15,1.171501687361694e-15
48,10,1.5003520097146848e-14,-5.049963884100698e-15
48,11,1.306926014706165e-15,1.3885232260372898e-14
48,12,-2.608180732163039e-15,-4.3475626547693366e-15
48,13,8.498154645937819e-15,-7.0665094377266e-17
48,14,-1.4830105326596604e-15,7.198503786756166e-15
48,15,1.3228978650108936e-16,-6.711269054034619e-16
48,16,-1.90255026039129e-15,4.497129036018159e-15
48,17,7.314996535569139e-17,6.365838615876515e-16
48,18,2.6256973321837947e-15,4.263886590576824e-15
48,19,-4.740821838145376e-15,7.830251650277802e-15
48,20,-1.8128730319845647e-17,-5.149294758239202e-15
48,21,5.914628425386477e-15,7.26369048943598e-15
48,22,-7.193589871690364e-15,2.3741699315185384e-15
48,23,1.1099154158634863e-15,-3.626114143423252e-15
48,24,-9.336244401743449e-17,3.674752935523407e-15
48,25,-1.988412759461707e-15,1.8748835063527777e-15
48,26,7.693837122256916e-16,3.64068073568935e-15
48,27,-5.006849081880491e-15,-1.6300623116316445e-15
48,28,2.9408608809505104e-15,-3.576215098486109e-15
48,29,-2.6012195226914887e-15,6.494273068067033e-15
48,30,-5.929446497710785e-15,-2.3705875843105073e-15
48,31,2.063056297166631e-15,-2.4012466159214222e-15
48,32,-1.3514707585587063e-15,5.674108650829038e-15
48,33,-5.155511056357296e-15,-7.015175980368192e-16
48,34,1.0801261093956239e-15,1.4876967745710637e-15
48,35,-2.4519426651113667e-15,-1.201923432667522e-15
48,36,5.461903050204507e-16,3.621225314941896e-16
48,37,-5.444118301024e-15,7.536961638409992e-16
48,38,3.6824437979042016e-16,-1.002990004906199e-15
48,39,7.762698455786633e-16,2.232792932307484e-15
48,40,-1.900924107413124e-15,-3.000465418471147e-16
48,41,2.5142954655816896e-16,-2.2429556362460524e-15
48,42,-6.229551816159401e-16,6.015872077364848e-16
48,43,5.943028504935496e-17,-7.382297534195171e-16
48,44,1.0395187614955835e-17,1.73687774008611e-15
48,45,-1.4129164787268064e-15,-1.1472286590288587e-15
48,46,1.5974727756508982e-15,-5.302002475240622e-16
48,47,-7.632050603994401e-16,8.861085146277844e-16
48,48,1.0125285013141143e-15,-1.4444619373198682e-15
49,0,8.676819158800202e-15,0.0
49,1,6.977579405098954e-14,5.2380904583260204e-15
49,2,-5.328776710754124e-15,-2.0449513635331486e-14
49,3,2.344015965164085e-14,-2.2948384833485754e-14
49,4,-1.8009248765195133e-16,9.641011752164315e-15
49,5,6.146786923458228e-15,5.321021395850303e-15
49,6,-2.298523478739535e-15,-1.945885185677116e-15
49,7,2.6158402860592164e-15,1.6024000910278626e-15
49,8,3.845621634156198e-15,1.2269692125353229e-14
49,9,-5.182073651228597e-15,1.1484144698056294e-15
49,10,1.4707840170838152e-14,-4.950442375851683e-15
49,11,1.2811699397839392e-15,1.3611590846561821e-14
49,12,-2.556780348673542e-15,-4.2618836276436234e-15
49,13,8.330678365491564e-15,-6.927247119532083e-17
49,14,-1.4537842949386065e-15,7.05664020704825e-15
49,15,1.296827026920389e-16,-6.579007589625867e-16
49,16,-1.8650559979016457e-15,4.408502448833235e-15
49,17,7.170837190123483e-17,6.240384677024302e-16
49,18,2.5739517425713493e-15,4.179856598633125e-15
49,19,-4.647392706670287e-15,7.675937981489306e-15
49,20,-1.7771460718423144e-17,-5.047815699671643e-15
49,21,5.798066652839903e-15,7.12054225123993e-15
49,22,-7.051823132326256e-15,2.3273812855307737e-15
49,23,1.088041901765031e-15,-3.554652969260651e-15
49,24,-9.15225157613765e-17,3.602333218674103e-15
49,25,-1.9492263729082803e-15,1.837934482829878e-15
49,26,7.542211825085979e-16,3.568932492298999e-15
49,27,-4.9081772530040996e-15,-1.5979380700495987e-15
49,28,2.882904246578492e-15,-3.5057373032795363e-15
49,29,-2.5499563263347605e-15,6.366288023906646e-15
49,30,-5.8125926999258324e-15,-2.3238695369657027e-15
49,31,2.022398882775396e-15,-2.3539243596877225e-15
49,32,-1.3248368238746061e-15,5.5622868905433505e-15
49,33,-5.0539094909008486e-15,-6.876925309626448e-16
49,34,1.058839664190613e-15,1.4583781833453617e-15
49,35,-2.4036213230637002e-15,-1.1782366825116432e-15
49,36,5.354263304269363e-16,3.549860486732494e-16
49,37,-5.336829045726592e-15,7.388427944489704e-16
49,38,3.609872514382058e-16,-9.832237094756076e-16
49,39,7.609716082816701e-16,2.18879045519461e-15
49,40,-1.863461892122379e-15,-2.9413341354068447e-16
49,41,2.464745313806117e-16,-2.198752878963445e-15
49,42,-6.106783731735768e-16,5.897315058678544e-16
49,43,5.825907041504793e-17,-7.236811863048253e-16
49,44,1.0190325803324063e-17,1.7026484473021098e-15
49,45,-1.3850716104822052e-15,-1.124619799030372e-15
49,46,1.565990788122223e-15,-5.19751394914695e-16
49,47,-7.481642956618208e-16,8.686456460069415e-16
49,48,9.925742272027382e-16,-1.4159953910415936e-15
49,49,-3.1023483959231307e-16,-7.485162067306559e-16
50,0,8.509168834667816e-15,0.0
50,1,6.842761169577948e-14,5.136881991594009e-15
50,2,-5.225816037443218e-15,-2.005439561724581e-14
50,3,2.2987257465783165e-14,-2.2504984540678383e-14
50,4,-1.7661280651810684e-16,9.454731651630563e-15
50,5,6.0280209562033595e-15,5.2182105678955786e-15
50,6,-2.254112249326536e-15,-1.9082875042995678e-15
50,7,2.5652979774308757e-15,1.5714391029360315e-15
50,8,3.771317940411133e-15,1.2032621624726997e-14
50,9,-5.081947520741569e-15,1.1262252257315535e-15
50,10,1.4423660666021865e-14,-4.854791740092093e-15
50,11,1.256415643106498e-15,1.3348592669969762e-14
50,12,-2.507379174539851e-15,-4.179537072009317e-15
50,13,8.169716047082425e-15,-6.793401386011542e-17
50,14,-1.42569480686649e-15,6.92029438764767e-15
50,15,1.2717702097356795e-16,-6.45189041284899e-16
50,16,-1.8290200685073887e-15,4.323322977997346e-15
50,17,7.032284898411204e-17,6.11981024823114e-16
50,18,2.5242187890493726e-15,4.099094939232051e-15
50,19,-4.557597485704601e-15,7.527626317149546e-15
50,20,-1.7428087058649694e-17,-4.950283652187146e-15
50,21,5.6860385310247886e-15,6.982961739929172e-15
50,22,-6.915570386680439e-15,2.282412476136706e-15
50,23,1.067019154354706e-15,-3.4859712655662407e-15
50,24,-8.975415120842344e-17,3.5327302546511575e-15
50,25,-1.9115641343339023e-15,1.8024225854235565e-15
50,26,7.396483968597424e-16,3.499974884886646e-15
50,27,-4.813343248479437e-15,-1.5670632954940416e-15
50,28,2.8272018258485035e-15,-3.4380007301804284e-15
50,29,-2.500687003463156e-15,6.24328093672475e-15
50,30,-5.700283911145354e-15,-2.278968580292134e-15
50,31,1.9833228317459826e-15,-2.30844269472937e-15
50,32,-1.2992388116445334e-15,5.454814419001618e-15
50,33,-4.956259701412505e-15,-6.74405187569948e-16
50,34,1.0383811517268904e-15,1.4301999338427804e-15
50,35,-2.3571794315677316e-15,-1.1554712245583789e-15
50,36,5.250810188326467e-16,3.4812713816314786e-16
50,37,-5.233712788146445e-15,7.245671443858227e-16
50,38,3.540123878846772e-16,-9.642262208139879e-16
50,39,7.46268393376635e-16,2.1464994471010417e-15
50,40,-1.827456763456558e-15,-2.8845027537498373e-16
50,41,2.417122406931968e-16,-2.1562693805639913e-15
50,42,-5.988790691510477e-16,5.783369295490025e-16
50,43,5.71334099788928e-17,-7.096984832851982e-16
50,44,9.993432057738829e-18,1.6697504971605313e-15
50,45,-1.3583097637508027e-15,-1.1028903068763358e-15
50,46,1.5357332872555894e-15,-5.097089486874584e-16
50,47,-7.337085389638414e-16,8.518619927529089e-16
50,48,9.733960712598175e-16,-1.3886360463401058e-15
50,49,-3.042405955654499e-16,-7.340536505358013e-16
50,50,1.4100881949061332e-15,-9.841351936897672e-16
51,0,8.347912269152285e-15,0.0
51,1,6.713084559994932e-14,5.039533359369417e-15
51,2,-5.1267820233594e-15,-1.967434639933027e-14
51,3,2.2551627821857057e-14,-2.2078494411674897e-14
51,4,-1.7326583160686326e-16,9.27555580218669e-15
51,5,5.913784422043563e-15,5.119320684445694e-15
51,6,-2.2113947516865828e-15,-1.8721237032352577e-15
51,7,2.516683224403638e-15,1.5416588884897206e-15
51,8,3.699848001295564e-15,1.1804592392371643e-14
51,9,-4.9856399471996995e-15,1.1048822232095553e-15
51,10,1.4150319047544629e-14,-4.762788977247515e-15
51,11,1.2326054125888129e-15,1.3095624577521616e-14
51,12,-2.4598620360287252e-15,-4.100331005380204e-15
51,13,8.014892423696056e-15,-6.664660189666549e-17
51,14,-1.3986765807041466e-15,6.789148452364082e-15
51,15,1.2476689960764314e-16,-6.329621163140393e-16
51,16,-1.794358458162458e-15,4.241392036375191e-15
51,17,6.899016640079744e-17,6.003834222674346e-16
51,18,2.4763825243752606e-15,4.021413324909204e-15
51,19,-4.471226826968502e-15,7.384970883937043e-15
51,20,-1.7097808800315755e-17,-4.856471229894253e-15
51,21,5.578282877950145e-15,6.850628200756741e-15
51,22,-6.784513975554412e-15,2.2391586632035213e-15
51,23,1.0467981612690466e-15,-3.419908908044222e-15
51,24,-8.805322759933194e-17,3.465781771335502e-15
51,25,-1.8753382381206925e-15,1.7682650218141872e-15
51,26,7.256313803350813e-16,3.4336471459154784e-15
51,27,-4.7221259726234374e-15,-1.5373660066181552e-15
51,28,2.7736237543219244e-15,-3.372847458367315e-15
51,29,-2.4532966877410286e-15,6.12496502820698e-15
51,30,-5.5922582950323285e-15,-2.2357800323485953e-15
51,31,1.9457370423028495e-15,-2.2646955852437922e-15
51,32,-1.2746170427478233e-15,5.3514406752407634e-15
51,33,-4.86233402749749e-15,-6.616245897904901e-16
51,34,1.0187028750964704e-15,1.403096331386051e-15
51,35,-2.3125087161519286e-15,-1.1335739834946947e-15
51,36,5.15130251212503e-16,3.415298091227103e-16
51,37,-5.134529123383239e-15,7.108359314484294e-16
51,38,3.4730352795611947e-16,-9.459532482393927e-16
51,39,7.321259218371796e-16,2.1058213109110205e-15
51,40,-1.7928247791783143e-15,-2.8298387770057504e-16
51,41,2.371315717072382e-16,-2.115406095160673e-15
51,42,-5.875297606901578e-16,5.673769135025573e-16
51,43,5.605067937988868e-17,-6.962490451332731e-16
51,44,9.804047340775848e-18,1.6381071914897171e-15
51,45,-1.3325685460520452e-15,-1.0819895225009377e-15
51,46,1.5066297308140063e-15,-5.000494959165837e-16
51,47,-7.19804088202365e-16,8.357184255122534e-16
51,48,9.549493215963062e-16,-1.3623201177300687e-15
51,49,-2.984749568192304e-16,-7.201426595930341e-16
51,50,1.3833657283758948e-15,-9.654849277917854e-16
51,51,3.5382335787871736e-16,2.4578242321406776e-15
52,0,8.192688226046884e-15,0.0
52,1,6.588259083454955e-14,4.945826487736793e-15
52,2,-5.031452819107144e-15,-1.9308514620665642e-14
52,3,2.2132294851378637e-14,-2.1667959051723374e-14
52,4,-1.7004406524817488e-16,9.103082826040837e-15
52,5,5.803821415911426e-15,5.024130218976959e-15
52,6,-2.1702752929295354e-15,-1.837312770748165e-15
52,7,2.4698871234490294e-15,1.5129927360380426e-15
52,8,3.631051714616948e-15,1.158509361240408e-14
52,9,-4.892935188797786e-15,1.0843376510683715e-15
52,10,1.3887202993737047e-14,-4.674227988862658e-15
52,11,1.2096859101399612e-15,1.2852119886962646e-14
52,12,-2.4141224884145484e-15,-4.024087995606674e-15
52,13,7.865860669773794e-15,-6.540735133052519e-17
52,14,-1.3726690920226942e-15,6.6629086168170625e-15
52,15,1.2244693960106886e-16,-6.21192594107885e-16
52,16,-1.7609935202383277e-15,4.162526087733871e-15
52,17,6.770733876462085e-17,5.892196798593856e-16
52,18,2.4303357889382432e-15,3.946637738491388e-15
52,19,-4.388087248670818e-15,7.247652114661479e-15
52,20,-1.677988607608741e-17,-4.7661682804592324e-15
52,21,5.47455830658627e-15,6.723245188951165e-15
52,22,-6.6583603151138e-15,2.197522952423318e-15
52,23,1.027333624787522e-15,-3.356317908205803e-15
52,24,-8.641593463843739e-17,3.401337795198421e-15
52,25,-1.8404675334312177e-15,1.7353852745051358e-15
52,26,7.121387329487423e-16,3.3698006924068765e-15
52,27,-4.634321086576394e-15,-1.508779677535386e-15
52,28,2.722050009975094e-15,-3.3101315358245984e-15
52,29,-2.407679218542718e-15,6.011075254943465e-15
52,30,-5.4882738598038565e-15,-2.1942071450294627e-15
52,31,1.9095573172664166e-15,-2.2225850318730404e-15
52,32,-1.2509163611393834e-15,5.251934088292177e-15
52,33,-4.77192206312334e-15,-6.493221073812373e-16
52,34,9.99760752336042e-16,1.3770066602920094e-15
52,35,-2.269509108457916e-15,-1.112495906581099e-15
52,36,5.055517365203229e-16,3.3517928265527937e-16
52,37,-5.039055866803973e-15,6.976183958890597e-16
52,38,3.408456429118157e-16,-9.283638578569616e-16
52,39,7.185125126414723e-16,2.0666649221759583e-15
52,40,-1.7594883590254628e-15,-2.777219750578454e-16
52,41,2.327222631134772e-16,-2.0760714835459786e-15
52,42,-5.766050238267772e-16,5.568269058313011e-16
52,43,5.500845315713582e-17,-6.83302743314407e-16
52,44,9.621747405418896e-18,1.6076476450660354e-15
52,45,-1.3077902936262696e-15,-1.0618706253605234e-15
52,46,1.4786149229507345e-15,-4.907513981399918e-16
52,47,-7.064197955538375e-16,8.201787805419709e-16
52,48,9.371926550334949e-16,-1.336988654022753e-15
52,49,-2.929250075541436e-16,-7.067520714279217e-16
52,50,1.357642935115903e-15,-9.475323584286692e-16
52,51,3.472442408031805e-16,2.4121225761751383e-15
52,52,-4.989742869953746e-16,-1.874913574468006e-15
53,0,8.043162326730184e-15,0.0
53,1,6.468015844947105e-14,4.8555595163790855e-15
53,2,-4.939623069592856e-15,-1.8956112218247143e-14
53,3,2.172835524080327e-14,-2.127249409880771e-14
53,4,-1.6694056721698353e-16,8.93694118747699e-15
53,5,5.697895059049874e-15,4.932434115262388e-15
53,6,-2.130665294845099e-15,-1.803779718251581e-15
53,7,2.4248088679174315e-15,1.4853788938810242e-15
53,8,3.564780881635975e-15,1.1373652447640176e-14
53,9,-4.803633543938741e-15,1.0645472528540861e-15
53,10,1.3633745708492099e-14,-4.5889179997160045e-15
53,11,1.1876077633078442e-15,1.2617554048351282e-14
53,12,-2.370062001040793e-15,-3.95064380245898e-15
53,13,7.722299745923613e-15,-6.421359260814071e-17
53,14,-1.3476163163298046e-15,6.541302939229197e-15
53,15,1.202121433709111e-16,-6.098551211417407e-16
53,16,-1.7288533810630854e-15,4.086555241593427e-15
53,17,6.64716026497113e-17,5.784657490255519e-16
53,18,2.385979390347704e-15,3.8746071008248675e-15
53,19,-4.307999654216581e-15,7.115374201664142e-15
53,20,-1.6473634027097942e-17,-4.67918027618432e-15
53,21,5.374641376810828e-15,6.6005383001416456e-15
53,22,-6.53683764921682e-15,2.157415653492362e-15
53,23,1.0085836150341593e-15,-3.2950612803725022e-15
53,24,-8.483874532211205e-17,3.3392595031074346e-15
53,25,-1.8068769029194204e-15,1.703712515006445e-15
53,26,6.991413892754074e-16,3.308297988392311e-15
53,27,-4.549739443888028e-15,-1.4812427284986842e-15
53,28,2.6723694943132703e-15,-3.2497178619370514e-15
53,29,-2.363736328189079e-15,5.901366279262173e-15
53,30,-5.388106605547255e-15,-2.1541603633632736e-15
53,31,1.8747057194412644e-15,-2.182020321422804e-15
53,32,-1.2280857115761946e-15,5.156080304279352e-15
53,33,-4.6848290457558276e-15,-6.374712387318341e-16
53,34,9.815139789364007e-16,1.3518747190336274e-15
53,35,-2.228087980119269e-15,-1.0921915881049214e-15
53,36,4.963248410290496e-16,3.290618786617992e-16
53,37,-4.947087353002183e-15,6.848860649194096e-16
53,38,3.3462482138433036e-16,-9.114201591698991e-16
53,39,7.053988402230045e-16,2.028945931467612e-15
53,40,-1.727375690758152e-15,-2.726532324260302e-16
53,41,2.2847481652171906e-16,-2.0381808123696934e-15
53,42,-5.660813248455177e-16,5.466641800493712e-16
53,43,5.400448618055894e-17,-6.708316893232613e-16
53,44,9.446139547033738e-18,1.5783062429181273e-15
53,45,-1.2839216299621973e-15,-1.0424902759765178e-15
53,46,1.4516285150712804e-15,-4.817946256956903e-16
53,47,-6.935268290072179e-16,8.05209582840646e-16
53,48,9.20087820733642e-16,-1.3125870869970004e-15
53,49,-2.875787922486921e-16,-6.938530404678248e-16
53,50,1.332864403915513e-15,-9.302388127551895e-16
53,51,3.409066375701457e-16,2.3680985894795366e-15
53,52,-4.89867437455844e-16,-1.8406942644407907e-15
53,53,2.892678938863619e-15,-2.6055754404389838e-15
54,0,7.89902458945015e-15,0.0
54,1,6.352105568527123e-14,4.768545313073315e-15
54,2,-4.851102402802234e-15,-1.8616408627573087e-14
54,3,2.1338971583977417e-14,-2.0891279715565052e-14
54,4,-1.6394890365961213e-16,8.776786458697404e-15
54,5,5.595785755804665e-15,4.844042278348438e-15
54,6,-2.092482642049514e-15,-1.7714550284618008e-15
54,7,2.381355006194829e-15,1.4587601158344833e-15
54,8,3.500898116461569e-15,1.1169830559952522e-14
54,9,-4.717549881615433e-15,1.0454700011437574e-15
54,10,1.3389421750172546e-14,-4.50668215389147e-15
54,11,1.166325201943826e-15,1.2391440783859053e-14
54,12,-2.327589232225957e-15,-3.87984616897179e-15
54,13,7.583912036368569e-15,-6.3062850951417e-17
54,14,-1.3234663167815052e-15,6.4240793191873236e-15
54,15,1.180578779669316e-16,-5.989261937299589e-16
54,16,-1.697871410998001e-15,4.013322002990795e-15
54,17,6.528039625475074e-17,5.680993358199589e-16
54,18,2.3432213734693696e-15,3.805172085382492e-15
54,19,-4.230798014222529e-15,6.987862919948467e-15
54,20,-1.6178417763023045e-17,-4.595326882464644e-15
54,21,5.2783249510972e-15,6.482253150996907e-15
54,22,-6.419694049541631e-15,2.118753620073806e-15
54,23,9.90509261412623e-16,-3.2360120335888654e-15
54,24,-8.331838998329626e-17,3.2794182007170567e-15
54,25,-1.7744967099367635e-15,1.6731810826029745e-15
54,26,6.866124045557936e-16,3.2490115327764378e-15
54,27,-4.468205698575401e-15,-1.4546980727307956e-15
54,28,2.6244792147889613e-15,-3.1914811932748465e-15
54,29,-2.321376918788685e-15,5.795610663771649e-15
54,30,-5.291548875788876e-15,-2.1155566664713642e-15
54,31,1.8411099980708056e-15,-2.142917359297608e-15
54,32,-1.2060777638981704e-15,5.063680608972555e-15
54,33,-4.600874423087713e-15,-6.260474158373804e-16
54,34,9.63924727559184e-16,1.3276484066490055e-15
54,35,-2.1881594611028198e-15,-1.0726189352364658e-15
54,36,4.874304364856959e-16,3.2316491516800007e-16
54,37,-4.858432922291683e-15,6.72612543177341e-16
54,38,3.286281670047736e-16,-8.950870262406321e-16
54,39,6.927577186616748e-16,1.9925861436446847e-15
54,40,-1.69642020168752e-15,-2.6776714180799443e-16
54,41,2.2438042656150804e-16,-2.0016555305801885e-15
54,42,-5.559368470934584e-16,5.368676678364448e-16
54,43,5.3036697128836406e-17,-6.58810029450321e-16
54,44,9.276859713426998e-18,1.550022157461698e-15
54,45,-1.2609130729954155e-15,-1.0238082969971405e-15
54,46,1.4256145617238276e-15,-4.731606103220767e-16
54,47,-6.810984601871725e-16,7.907797998035513e-16
54,48,9.035993587093552e-16,-1.2890648298278291e-15
54,49,-2.8242522767786452e-16,-6.814188257652898e-16
54,50,1.3089787664662955e-15,-9.13568439566898e-16
54,51,3.3479740971087396e-16,2.3256610060418315e-15
54,52,-4.810887530113689e-16,-1.8077080463933065e-15
54,53,2.8408405971780656e-15,-2.5588821458066993e-15
54,54,5.139967163013979e-16,1.4411016365838591e-15
55,0,7.759987234927071e-15,0.0
55,1,6.240296832663849e-14,4.684610148959679e-15
55,2,-4.765714082134513e-15,-1.8288725610893354e-14
55,3,2.0963366454042516e-14,-2.0523554785561253e-14
55,4,-1.6106310154776194e-16,8.622298881577932e-15
55,5,5.497289639081072e-15,4.7587782288505996e-15
55,6,-2.0556511006811534e-15,-1.7402741632771438e-15
55,7,2.339438780147903e-15,1.4330832559775973e-15
55,8,3.4392758734801053e-15,1.0973221007223562e-14
55,9,-4.634512330846631e-15,1.0270678071074951e-15
55,10,1.3153743311948142e-14,-4.4273562627946984e-15
55,11,1.1457957341904973e-15,1.2173328645352961e-14
55,12,-2.2866193826451202e-15,-3.811553743599318e-15
55,13,7.450421242089901e-15,-6.195282883847422e-17
55,14,-1.3001708765151882e-15,6.311003712994229e-15
55,15,1.1597984227439132e-16,-5.88383991640601e-16
55,16,-1.667985752758524e-15,3.94268015755454e-15
55,17,6.413134126768293e-17,5.580997431026227e-16
55,18,2.30197636946416e-15,3.738194061163747e-15
55,19,-4.156328191175687e-15,6.8648636859092184e-15
55,20,-1.5893647867617955e-17,-4.514440681178473e-15
55,21,5.1854167281637136e-15,6.3681535784158514e-15
55,22,-6.306695632156281e-15,2.0814596611950467e-15
55,23,9.730744774367184e-16,-3.179052272638638e-15
55,24,-8.185183314514288e-17,3.2216944114264756e-15
55,25,-1.7432623055662497e-15,1.6437300195345184e-15
55,26,6.74526763951551e-16,3.1918229567419304e-15
55,27,-4.389557063828193e-15,-1.429092712300288e-15
55,28,2.578283555705633e-15,-3.1353052569806685e-15
55,29,-2.2805164173452043e-15,5.6935972613051236e-15
55,30,-5.198407887469649e-15,-2.078318979853361e-15
55,31,1.8087030773657294e-15,-2.105198074185335e-15
55,32,-1.1848485779724198e-15,4.974550521067566e-15
55,33,-4.51989057488785e-15,-6.150278303786524e-16
55,34,9.469578802527194e-16,1.3042793539125701e-15
55,35,-2.149643831824653e-15,-1.053738870048946e-15
55,36,4.788507647002054e-16,3.1747661854721916e-16
55,37,-4.772915571004352e-15,6.607733258710269e-16
55,38,3.228437071078975e-16,-8.793318490301898e-16
55,39,6.805639092314817e-16,1.9575129643002733e-15
55,40,-1.6665600873998442e-15,-2.630539478428923e-16
55,41,2.2043091854788074e-16,-1.966422713352342e-15
55,42,-5.461513365375079e-16,5.274178098926362e-16
55,43,5.21031537554832e-17,-6.472137617604616e-16
55,44,9.113569927678096e-18,1.5227389178939332e-15
55,45,-1.238718684819058e-15,-1.0057873887772342e-15
55,46,1.4005211245548392e-15,-4.64832113711043e-16
55,47,-6.691098751407801e-16,7.768606215392094e-16
55,48,8.876943487981953e-16,-1.2663749189763828e-15
55,49,-2.7745402445369e-16,-6.69424601695755e-16
55,50,1.2859383337197723e-15,-8.974879555052576e-16
55,51,3.289043598006926e-16,2.2847250967867306e-15
55,52,-4.726207065137235e-16,-1.7758890614446717e-15
55,53,2.79083658000094e-15,-2.513841115732621e-15
55,54,5.049494291510903e-16,1.415735598425539e-15
55,55,-1.5623929233578839e-15,-9.759317832102394e-16
56,0,7.625782725208106e-15,0.0
56,1,6.13237449315805e-14,4.60359251462184e-15
56,2,-4.683293801985735e-15,-1.7972432635184912e-14
56,3,2.060081710546099e-14,-2.0168611726468393e-14
56,4,-1.582776079737849e-16,8.473181188594585e-15
56,5,5.402217181039463e-15,4.6764779002895334e-15
56,6,-2.02009979888539e-15,-1.7101771239665648e-15
56,7,2.2989795338885587e-15,1.4082989064764425e-15
56,8,3.379795578163228e-15,1.0783445470134534e-14
56,9,-4.554361109418286e-15,1.0093052609423932e-15
56,10,1.2926256897511314e-14,-4.350787686247918e-15
56,11,1.1259798569100547e-15,1.1962797937886821e-14
56,12,-2.2470736174432712e-15,-3.745635116939098e-15
56,13,7.321570497916759e-15,-6.088139034659782e-17
56,14,-1.2776851700634768e-15,6.2018585387180604e-15
56,15,1.1397403770300482e-16,-5.782082293958894e-16
56,16,-1.639138899872009e-15,3.874493775089664e-15
56,17,6.302222665809815e-17,5.484477294935988e-16
56,18,2.2621650140204185e-15,3.673544147958375e-15
56,19,-4.084446889023895e-15,6.746139822407447e-15
56,20,-1.561877638198985e-17,-4.436366029773637e-15
56,21,5.095737932487413e-15,6.258020030133746e-15
56,22,-6.197624963656886e-15,2.0454620152101162e-15
56,23,9.562457148098093e-16,-3.1240723946176867e-15
56,24,-8.04362528349846e-17,3.1659770621757225e-15
56,25,-1.713113588055857e-15,1.6153026555835714e-15
56,26,6.62861212075255e-16,3.136622217094926e-15
56,27,-4.3136422026563866e-15,-1.4043773769536046e-15
56,28,2.533693626620112e-15,-3.081081958398614e-15
56,29,-2.2410761994131013e-15,5.59512977600418e-15
56,30,-5.108504417175652e-15,-2.042375650143301e-15
56,31,1.777422599398895e-15,-2.0687898860203185e-15
56,32,-1.1643573042519811e-15,4.888518534990676e-15
56,33,-4.441721670710278e-15,-6.043912782889812e-16
56,34,9.305807891317673e-16,1.2817225937106252e-15
56,35,-2.112466979880626e-15,-1.0355150632119669e-15
56,36,4.705693165277271e-16,3.1198604328601326e-16
56,37,-4.690370745253402e-15,6.493456317847847e-16
56,38,3.172603111413092e-16,-8.641243111687597e-16
56,39,6.687939484047754e-16,1.9236589050487307e-15
56,40,-1.637737890574569e-15,-2.585045813257674e-16
56,41,2.16618692772886e-16,-1.93241456512268e-15
56,42,-5.367059637381205e-16,5.182964226466486e-16
56,43,5.1202059721063416e-17,-6.360205725256283e-16
56,44,8.955955984909152e-18,1.496404025358783e-15
56,45,-1.2172957586281976e-15,-9.883928751903012e-16
56,46,1.3762999183618756e-15,-4.567931100331192e-16
56,47,-6.575380052365083e-16,7.63425264537025e-16
56,48,8.72342186319815e-16,-1.2444736941448943e-15
56,49,-2.7265561690557356e-16,-6.578472887769875e-16
56,50,1.2636987708982097e-15,-8.819664182396887e-16
56,51,3.2321614833652813e-16,2.245212092167753e-15
56,52,-4.644470036092624e-16,-1.7451760829833489e-15
56,53,2.742570668784103e-15,-2.470365681529611e-15
56,54,4.962166196089454e-16,1.3912512666700409e-15
56,55,-1.5353722376376972e-15,-9.590536051256957e-16
56,56,2.6591950166054353e-15,-1.483982895702881e-15
57,0,7.49616200742106e-15,0.0
57,1,6.028138270833682e-14,4.5253420598623816e-15
57,2,-4.603688609168699e-15,-1.766694273303347e-14
57,3,2.0250650729571144e-14,-1.982579184515821e-14
57,4,-1.5558725369875947e-16,8.329156651418258e-15
57,5,5.3103919489445194e-15,4.596988562080747e-15
57,6,-1.9857627615780693e-15,-1.6811080573094784e-15
57,7,2.2599021843103576e-15,1.3843610732474992e-15
57,8,3.3223468486883075e-15,1.060015176869772e-14
57,9,-4.476947474997159e-15,9.921493994257612e-16
57,10,1.2706540344111945e-14,-4.2768343304873e-15
57,11,1.1068407963669347e-15,1.1759457964624211e-14
57,12,-2.2088785487258654e-15,-3.681967959098227e-15
57,13,7.197120686341184e-15,-5.984654713102693e-17
57,14,-1.2559674690985608e-15,6.0964412478811495e-15
57,15,1.120367419382939e-16,-5.683800231086946e-16
57,16,-1.6112773191779065e-15,3.808636317267213e-15
57,17,6.195099416297908e-17,5.391253830634235e-16
57,18,2.2237134263688616e-15,3.611102370315442e-15
57,19,-4.0150207125124346e-15,6.631471005109303e-15
57,20,-1.5353293207535304e-17,-4.360958039555868e-15
57,21,5.009122140736584e-15,6.151648123476844e-15
57,22,-6.0922796338314546e-15,2.010693878722142e-15
57,23,9.399917431978589e-16,-3.0709703694484618e-15
57,24,-7.906902205956456e-17,3.1121627543093333e-15
57,25,-1.6839946082820814e-15,1.587846236065095e-15
57,26,6.515941003309925e-16,3.0833068738892166e-15
57,27,-4.240320234442355e-15,-1.3805062006817095e-15
57,28,2.4906266788234844e-15,-3.028710671489512e-15
57,29,-2.20298307296942e-15,5.50002547473948e-15
57,30,-5.021671624630473e-15,-2.0076599747428936e-15
57,31,1.7472105147582703e-15,-2.0336252295333063e-15
57,32,-1.1445659156199882e-15,4.805424995054619e-15
57,33,-4.3662226469491425e-15,-5.941180205606855e-16
57,34,9.14763062061291e-16,1.2599362658558524e-15
57,35,-2.0765599135373363e-15,-1.0179136955085393e-15
57,36,4.62570723494745e-16,3.0668300013260765e-16
57,37,-4.610645260723483e-15,6.383082537323527e-16
57,38,3.1186761759923664e-16,-8.494361909446322e-16
57,39,6.574259938265135e-16,1.890961140499839e-15
57,40,-1.609900123807155e-15,-2.541105996729829e-16
57,41,2.1293667461749108e-16,-1.8995679745470863e-15
57,42,-5.275832002439082e-16,5.094865788901725e-16
57,43,5.033174280116476e-17,-6.252096897469231e-16
57,44,8.803725389694883e-18,1.470968608319526e-15
57,45,-1.1966045383720882e-15,-9.71592475997932e-16
57,46,1.3529059941265831e-15,-4.490286807363148e-16
57,47,-6.463613757307557e-16,7.504487958475955e-16
57,48,8.575143811722968e-16,-1.2233205116697462e-15
57,49,-2.680211002866902e-16,-6.466654021643961e-16
57,50,1.2422188064600722e-15,-8.669750233474118e-16
57,51,3.177222192990205e-16,2.2070486650865026e-15
57,52,-4.565524757750417e-16,-1.7155121147465784e-15
57,53,2.6959532930366457e-15,-2.4283751627363265e-15
57,54,4.877820815779897e-16,1.3676032039981547e-15
57,55,-1.5092744508682124e-15,-9.427519058546541e-16
57,56,2.6139948346426417e-15,-1.4587586092189702e-15
57,57,1.7885050475064182e-15,1.9806072610932635e-15
58,0,7.37089293770812e-15,0.0
58,1,5.927401484123267e-14,4.449718642250731e-15
58,2,-4.5267559349885396e-15,-1.7371708788163023e-14
58,3,1.9912240196892735e-14,-1.9494481169334148e-14
58,4,-1.5298722044030807e-16,8.189967329711555e-15
58,5,5.221649488656602e-15,4.5201678530188585e-15
58,6,-1.952578492939369e-15,-1.6530149021431942e-15
58,7,2.2221367459446263e-15,1.3612268848960684e-15
58,8,3.266826797415819e-15,1.0423011633577087e-14
58,9,-4.402132783853694e-15,9.755694973159515e-16
58,10,1.2494200151010323e-14,-4.205363748959564e-15
58,11,1.088344275514804e-15,1.1562944554415288e-14
58,12,-2.1719657711426402e-15,-3.62043824556049e-15
58,13,7.076848924325212e-15,-5.884644584223228e-17
58,14,-1.2349788783653386e-15,5.9945630436847065e-15
58,15,1.1016448538588956e-16,-5.588817709807713e-16
58,16,-1.5843511120570954e-15,3.7449898368594195e-15
58,17,6.09157252615192e-17,5.301160079821316e-16
58,18,2.1865527417473674e-15,3.550756898309931e-15
58,19,-3.947925323026896e-15,6.520651868220856e-15
58,20,-1.5096722877914105e-17,-4.288081658798421e-15
58,21,4.925414228604035e-15,6.0488473519798564e-15
58,22,-5.99047097475957e-15,1.9770929838354427e-15
58,23,9.242834525963928e-16,-3.0196510942092173e-15
58,24,-7.774769218079355e-17,3.060155109244881e-15
58,25,-1.6558532156904776e-15,1.5613115879822293e-15
58,26,6.407052499168611e-16,3.031781442161722e-15
58,27,-4.169459843414562e-15,-1.3574364314689924e-15
58,28,2.4490055816874338e-15,-2.9780976020452363e-15
58,29,-2.166168815237126e-15,5.408114030731733e-15
58,30,-4.937753996889962e-15,-1.974109779711494e-15
58,31,1.7180127151963406e-15,-1.999641126682247e-15
58,32,-1.1254389667449623e-15,4.725121085119127e-15
58,33,-4.2932582888414325e-15,-5.841896583319009e-16
58,34,8.994763703277433e-16,1.238881352186016e-15
58,35,-2.041858325135901e-15,-1.0009032438189709e-15
58,36,4.548406605436959e-16,3.0155799161686965e-16
58,37,-4.533596333283625e-15,6.276414243527338e-16
58,38,3.0665596845243715e-16,-8.352411827104459e-16
58,39,6.464396860906053e-16,1.859361110684685e-15
58,40,-1.5829969311279656e-15,-2.4986413349552854e-16
58,41,2.0937826978169742e-16,-1.8678241151170962e-15
58,42,-5.187667076674001e-16,5.009725006584567e-16
58,43,4.949064430416177e-17,-6.147617517044185e-16
58,44,8.656605505081466e-18,1.446387113287975e-15
58,45,-1.17660796716835e-15,-9.553561025727232e-16
58,46,1.330297454566537e-15,-4.415249201379473e-16
58,47,-6.35559969870529e-16,7.379079753010335e-16
58,48,8.431843775399613e-16,-1.2028774873186294e-15
58,49,-2.635421744226129e-16,-6.358589156897866e-16
58,50,1.221459970923818e-15,-8.524869220321565e-16
58,51,3.124127333515027e-16,2.1701664668612157e-15
58,52,-4.489229843287709e-16,-1.6868440301343685e-15
58,53,2.6509009635013583e-15,-2.387794356551931e-15
58,54,4.796307092461986e-16,1.3447490579789411e-15
58,55,-1.484052823292048e-15,-9.269974899149242e-16
58,56,2.5703121206289988e-15,-1.4343811566330076e-15
58,57,1.7586171711163104e-15,1.9475091465089976e-15
58,58,-1.8534932574047215e-16,-6.931319772716573e-17
59,0,7.249758864241989e-15,0.0
59,1,5.829989909581484e-14,4.376591471707182e-15
59,2,-4.452362725017069e-15,-1.7086220195890526e-14
59,3,1.9585000229188676e-14,-1.9174106699903242e-14
59,4,-1.5047301146226288e-16,8.05537249668567e-15
59,5,5.135836320819437e-15,4.445882912318433e-15
59,6,-1.9204896010492026e-15,-1.6258490715865663e-15
59,7,2.1856179037758585e-15,1.3388563310333846e-15
59,8,3.213139402873043e-15,1.02517187023637e-14
59,9,-4.329787644593971e-15,9.595368798084269e-16
59,10,1.2288869077586317e-14,-4.136252333880908e-15
59,11,1.0704583047727506e-15,1.1372917838930953e-14
59,12,-2.136271444347911e-15,-3.560939561191635e-15
59,13,6.960547202844168e-15,-5.787935681324821e-17
59,14,-1.2146830982685048e-15,5.8960477286112455e-15
59,15,1.0835402999346022e-16,-5.496970458630684e-16
59,16,-1.558313709855491e-15,3.68344425780111e-15
59,17,5.991462946465555e-17,5.21404022609509e-16
59,18,2.150618691057065e-15,3.4924033649435936e-15
59,19,-3.883044679642183e-15,6.413490750954956e-15
59,20,-1.484862165684825e-17,-4.217610848399271e-15
59,21,4.84446942394318e-15,5.949439922552728e-15
59,22,-5.8920229092014654e-15,1.944601218078258e-15
59,23,9.090936756458196e-16,-2.9700258126348848e-15
59,24,-7.646997796949762e-17,3.0098641801873375e-15
59,25,-1.6286407399736685e-15,1.53565281987903e-15
59,26,6.3017582865549385e-16,2.9819568091014206e-15
59,27,-4.1009384771086625e-15,-1.33512817033906e-15
59,28,2.4087583518662753e-15,-2.9291552151778417e-15
59,29,-2.1305697562598068e-15,5.319236483893348e-15
59,30,-4.856606399106113e-15,-1.9416670402623254e-15
59,31,1.6897787033585493e-15,-1.9667788022403537e-15
59,32,-1.1069433777259035e-15,4.64746792023146e-15
59,33,-4.222702405129017e-15,-5.74589020581689e-16
59,34,8.846942757233127e-16,1.2185214384008372e-15
59,35,-2.0083021985641654e-15,-9.844542887067622e-16
59,36,4.473657585941886e-16,2.9660215407866015e-16
59,37,-4.4590907074465846e-15,6.173266954521168e-16
59,38,3.0161635019651173e-16,-8.215147363160359e-16
59,39,6.35816024468046e-16,1.8288041636112164e-15
59,40,-1.556981783686204e-15,-2.457578385650245e-16
59,41,2.0593732403356477e-16,-1.8371280860885214e-15
59,42,-5.102412379570904e-16,4.927394629231205e-16
59,43,4.867730955711135e-17,-6.046586887750733e-16
59,44,8.514341888436681e-18,1.4226170267703472e-15
59,45,-1.1572714611113073e-15,-9.396556742401764e-16
59,46,1.3084351983982391e-15,-4.342688505456859e-16
59,47,-6.251151067130989e-16,7.257811136511947e-16
59,48,8.293273917992107e-16,-1.1831092650488162e-15
59,49,-2.5921109304784267e-16,-6.254091396235491e-16
59,50,1.2013863620538686e-15,-8.384770572416812e-16
59,51,3.072785077816326e-16,2.134501710032955e-15
59,52,-4.415453341276509e-16,-1.6591222479298182e-15
59,53,2.6073357625443003e-15,-2.348553078805396e-15
59,54,4.717484048820672e-16,1.3226493025545484e-15
59,55,-1.4596637343114426e-15,-9.117631101735207e-16
59,56,2.528071325669362e-15,-1.4108083773409448e-15
59,57,1.7297158611386562e-15,1.9155035648212873e-15
59,58,-1.823032743283992e-16,-6.81740969348178e-17
59,59,8.847262994687358e-16,-3.296933571490288e-16
60,0,7.132557350795732e-15,0.0
60,1,5.735740755426921e-14,4.30583833993751e-15
60,2,-4.380384655186706e-15,-1.6809999854837328e-14
60,3,1.9268383951228347e-14,-1.8864133035083477e-14
60,4,-1.4804042508160715e-16,7.925147220829735e-15
60,5,5.0528090366181394e-15,4.37400959684878e-15
60,6,-1.8894424597558627e-15,-1.5995651667845737e-15
60,7,2.150284628430493e-15,1.3172120265506282e-15
60,8,3.16119494403208e-15,1.0085986714604966e-14
60,9,-4.259791155834841e-15,9.440247535947222e-16
60,10,1.209020397969735e-14,-4.06938458798697e-15
60,11,1.0531529935548445e-15,1.1189060250287967e-14
60,12,-2.1017359168775395e-15,-3.5033724732818845e-15
60,13,6.848021161376616e-15,-5.69436638691329e-17
60,14,-1.195046211009146e-15,5.8007306663358434e-15
60,15,1.0660235017333941e-16,-5.408104984732161e-16
60,16,-1.5331215995192513e-15,3.6238967266634175e-15
60,17,5.894603376618834e-17,5.129748676939971e-16
60,18,2.115851222213251e-15,3.4359442512543015e-15
60,19,-3.820270355453528e-15,6.3098085683387916e-15
60,20,-1.4608574923796606e-17,-4.1494278393066745e-15
60,21,4.766152453825634e-15,5.853259707991388e-15
60,22,-5.7967709132179225e-15,1.913164282026174e-15
60,23,8.943970275716838e-16,-2.9220115921989265e-15
60,24,-7.523374414171719e-17,2.9612059221967774e-15
60,25,-1.6023117043244113e-15,1.5108270514654688e-15
60,26,6.199882400420351e-16,2.933749709030569e-15
60,27,-4.034641624335011e-15,-1.313544136285145e-15
60,28,2.369817729198468e-15,-2.8818017195973047e-15
60,29,-2.0961264037825126e-15,5.233244304296071e-15
60,30,-4.778093219447754e-15,-1.91027753890251e-15
60,31,1.6624612952720966e-15,-1.934983337514826e-15
60,32,-1.0890482391980992e-15,4.572335728369102e-15
60,33,-4.154437084587764e-15,-5.653000629649148e-16
60,34,8.703920747820606e-16,1.1988224995227894e-15
60,35,-1.9758354556646033e-15,-9.685393410904796e-16
60,36,4.4013352577746943e-16,2.918072054465206e-16
60,37,-4.387003871278204e-15,6.073468293141374e-16
60,38,2.9674034074776663e-16,-8.082339124682886e-16
60,39,6.25537254961851e-16,1.799239233275501e-15
60,40,-1.531811205619625e-15,-2.4178485254432143e-16
60,41,2.0260808695081806e-16,-1.807428589027151e-15
60,42,-5.019925435617196e-16,4.847737068378905e-16
60,43,4.789037933537329e-17,-5.948836169733883e-16
60,44,8.376696792370721e-18,1.3996186247939344e-15
60,45,-1.1385627055167737e-15,-9.244649528380477e-16
60,46,1.2872826899672349e-15,-4.272483457979266e-16
60,47,-6.150093310649934e-16,7.140479447908917e-16
60,48,8.159202665028486e-16,-1.163982808702808e-15
60,49,-2.550206181677596e-16,-6.152986105618814e-16
60,50,1.1819644333382948e-15,-8.249220160411538e-16
60,51,3.0231096240034493e-16,2.0999947925541706e-15
60,52,-4.344071958276118e-16,-1.6323004401854494e-15
60,53,2.565184885093745e-15,-2.3105857504570703e-15
60,54,4.641219957761394e-16,1.3012670051677184e-15
60,55,-1.4360664254922886e-15,-8.970233073169225e-16
60,56,2.487201858006107e-15,-1.388000877104962e-15
60,57,1.7017528184287326e-15,1.8845370291043465e-15
60,58,-1.7935611152511187e-16,-6.707197650733682e-17
60,59,8.70423580823171e-16,-3.2436344740242597e-16
60,60,7.998403189251892e-16,3.888956926974349e-17
61,0,7.019099024838367e-15,0.0
61,1,5.644501735222819e-14,4.237344925042241e-15
61,2,-4.3107054243605614e-15,-1.654260145212268e-14
61,3,1.8961879778953274e-14,-1.8564059323855788e-14
61,4,-1.4568553076002109e-16,7.799081086003538e-15
61,5,4.972433481753098e-15,4.3044317747336104e-15
61,6,-1.859386903532014e-15,-1.5741207185793527e-15
61,7,2.1160798289070288e-15,1.2962589988898454e-15
61,8,3.1109094897784595e-15,9.925547882922858e-15
61,9,-4.192030218249798e-15,9.290080544029209e-16
61,10,1.1897883857116563e-14,-4.004652467329266e-15
61,11,1.0364003801864585e-15,1.1011074714021352e-14
61,12,-2.068303386719645e-15,-3.4476439657530484e-15
61,13,6.739088981952399e-15,-5.603785513059539e-17
61,14,-1.1760364875853781e-15,5.708457844911058e-15
61,15,1.049066155862998e-16,-5.322077700549029e-16
61,16,-1.508734075996412e-15,3.566251027396276e-15
61,17,5.800837312302619e-17,5.048149235275099e-16
61,18,2.082194158436487e-15,3.38128833141278e-15
61,19,-3.759500920604757e-15,6.209437792182987e-15
61,20,-1.4376194814677428e-17,-4.0834224623886605e-15
61,21,4.690336774809984e-15,5.760151301679267e-15
61,22,-5.704561079994685e-15,1.8827313803270525e-15
61,23,8.801697617399965e-16,-2.8755308522099353e-15
61,24,-7.403699320849522e-17,2.9141017139551153e-15
61,25,-1.5768235666630635e-15,1.4867941696196256e-15
61,26,6.101260231163522e-16,2.8870822496056015e-15
61,27,-3.9704621635860716e-15,-1.292649454133392e-15
61,28,2.3321207939822448e-15,-2.835960602202001e-15
61,29,-2.0627831047283997e-15,5.149998547004668e-15
61,30,-4.702087597440901e-15,-1.8798905569242082e-15
61,31,1.6360163518592769e-15,-1.9042033578480192e-15
61,32,-1.0717246364523818e-15,4.499603112009848e-15
61,33,-4.088352025088041e-15,-5.5630777651657145e-16
61,34,8.565466582120399e-16,1.1797527062878699e-15
61,35,-1.944405637137886e-15,-9.5313268582514e-16
61,36,4.331322763550791e-16,2.8716539811095594e-16
61,37,-4.317219347898496e-15,5.976857006136709e-16
61,38,2.9202006151979753e-16,-7.953772522017724e-16
61,39,6.155867692831037e-16,1.770618549085492e-15
61,40,-1.5074445266677978e-15,-2.3793875593936857e-16
61,41,1.993851791997434e-16,-1.778677635909946e-15
61,42,-4.940072963587318e-16,4.7706236144789e-16
61,43,4.7128582128338086e-17,-5.854207418780015e-16
61,44,8.24344781190388e-18,1.3773547468693983e-15
61,45,-1.1204514710447495e-15,-9.09759393415724e-16
61,46,1.2668057513526043e-15,-4.204520622633991e-16
61,47,-6.052263141583003e-16,7.026895104335103e-16
61,48,8.0294133860936685e-16,-1.1454672140256984e-15
61,49,-2.509639788729212e-16,-6.055109920563737e-16
61,50,1.163162803102157e-15,-8.117998963886616e-16
61,51,2.9750207071878326e-16,2.0665899586405954e-15
61,52,-4.2749703572677004e-16,-1.606335268607509e-15
61,53,2.5243802243641116e-15,-2.2738310244402436e-15
61,54,4.567391592855394e-16,1.2805676166078197e-15
61,55,-1.4132227686401283e-15,-8.827542649822593e-16
61,56,2.4476376813372803e-15,-1.3659218038920263e-15
61,57,1.6746828607016333e-15,1.8545595040721797e-15
61,58,-1.7650307534705837e-16,-6.600505565428189e-17
61,59,8.565776630833025e-16,-3.1920376456581574e-16
61,60,7.871171764174977e-16,3.827094887742995e-17
61,61,1.0065819371435608e-15,5.145097064658933e-16
62,0,6.909206536252935e-15,0.0
62,1,5.556130230516386e-14,4.171004162907394e-15
62,2,-4.243216114840155e-15,-1.6283607009272147e-14
62,3,1.8665008606486103e-14,-1.827341651198962e-14
62,4,-1.4340464749146272e-16,7.676977034445405e-15
62,5,4.894584018780469e-15,4.2370406867894456e-15
62,6,-1.830275951635022e-15,-1.5494759539897043e-15
62,7,2.08295003865601e-15,1.2759644957441878e-15
62,8,3.062204437408342e-15,9.770151420560885e-15
62,9,-4.1263989126821424e-15,9.144633091794983e-16
62,10,1.1711608088484124e-14,-3.941954787185804e-15
62,11,1.0201742781544816e-15,1.0838683015593677e-14
62,12,-2.0359215944822097e-15,-3.393666927701235e-15
62,13,6.633580389410143e-15,-5.5160514700791036e-17
62,14,-1.1576242133275714e-15,5.6190850299183605e-15
62,15,1.03264175578678e-16,-5.238754134249602e-16
62,16,-1.4851130184164892e-15,3.510417052275808e-15
62,17,5.710018184965568e-17,4.969114350562413e-16
62,18,2.0495948893595125e-15,3.3283501711091665e-15
62,19,-3.7006413845670825e-15,6.1122215299127554e-15
62,20,-1.415111808916275e-17,-4.019491542658137e-15
62,21,4.616903877131281e-15,5.66996916307e-15
62,22,-5.615249273571973e-15,1.853254942398213e-15
62,23,8.663896390842285e-16,-2.8305109372272124e-15
62,24,-7.28778544925043e-17,2.8684779254597004e-15
62,25,-1.5521364857161252e-15,1.4635166078220737e-15
62,26,6.005737619509624e-16,2.8418814835190604e-15
62,27,-3.908299774019155e-15,-1.27241146277857e-15
62,28,2.2956086210059642e-15,-2.7915602073645178e-15
62,29,-2.0304877391852688e-15,5.069369088075681e-15
62,30,-4.628470726415011e-15,-1.8504585955232344e-15
62,31,1.610402536234783e-15,-1.8743907501292568e-15
62,32,-1.054945490444995e-15,4.429156380616583e-15
62,33,-4.0243439270885174e-15,-5.475981051236333e-16
62,34,8.431363838267709e-16,1.161282250129523e-15
62,35,-1.9139636140906984e-15,-9.382102403051676e-16
62,36,4.263510664637671e-16,2.82669476323506e-16
62,37,-4.2496280550230315e-15,5.883282077502794e-16
62,38,2.8744813410237224e-16,-7.829246588846824e-16
62,39,6.059490135287825e-16,1.7428973731901267e-15
62,40,-1.4838436585430134e-15,-2.3421353680104746e-16
62,41,1.9626356295643695e-16,-1.7508302852585713e-15
62,42,-4.862730143683915e-16,4.695933729175339e-16
62,43,4.6390727147911273e-17,-5.762552717846394e-16
62,44,8.114386661552732e-18,1.3557905916604723e-15
62,45,-1.102909447480671e-15,-8.95516009271599e-16
62,46,1.246972374436586e-15,-4.1386937646718817e-16
62,47,-5.957507638654655e-16,6.916880558691626e-16
62,48,7.903703203667609e-16,-1.1275335387353425e-15
62,49,-2.4703483410860696e-16,-5.960309847865744e-16
62,50,1.1449520819525369e-15,-7.990901867048608e-16
62,51,2.9284431581392795e-16,2.034234992193045e-15
62,52,-4.2080405234632947e-16,-1.5811861462564547e-15
62,53,2.4848579973646696e-15,-2.238231448338772e-15
62,54,4.495883550768096e-16,1.2605187810389e-15
62,55,-1.3910970561488398e-15,-8.689336788008957e-16
62,56,2.409316951710044e-15,-1.3445366452396658e-15
62,57,1.6484636740934049e-15,1.825524130955051e-15
62,58,-1.737397061276995e-16,-6.497166663962328e-17
62,59,8.43166903279257e-16,-3.142062433839881e-16
62,60,7.747939045817868e-16,3.7671770863587436e-17
62,61,9.908226789187637e-16,5.064544344367031e-16
62,62,-7.001559581415491e-17,5.277169110325115e-16
63,0,6.802713614349086e-15,0.0
63,1,5.470492532522936e-14,4.106715677934412e-15
63,2,-4.1778146132396694e-15,-1.6032624659786348e-14
63,3,1.8377321258679134e-14,-1.799176484803702e-14
63,4,-1.4119432422990922e-16,7.55865031899738e-15
63,5,4.819142859085958e-15,4.171734368242713e-15
63,6,-1.802065558305882e-15,-1.5255935847343763e-15
63,7,2.0508451312933022e-15,1.2562978109107854e-15
63,8,3.0150060946904817e-15,9.619562207927094e-15
63,9,-4.062797936962765e-15,9.00368511280867e-16
63,10,1.1531094832874918e-14,-3.881196684052308e-15
63,11,1.0044501368711411e-15,1.0671624321101939e-14
63,12,-2.004541545524933e-15,-3.3413596902199013e-15
63,13,6.531335746028057e-15,-5.431031513686351e-17
63,14,-1.13978152990263e-15,5.53247699756003e-15
63,15,1.0167254508859722e-16,-5.158008214734122e-16
63,16,-1.4622226873981912e-15,3.456310322792991e-15
63,17,5.622008582495228e-17,4.892524440608335e-16
63,18,2.018004091292928e-15,3.2770496732906693e-15
63,19,-3.643602691065443e-15,6.018012690355177e-15
63,20,-1.3933004199295067e-17,-3.957538350681679e-15
63,21,4.545742654573363e-15,5.582576843834525e-15
63,22,-5.528700362459895e-15,1.8246903694891266e-15
63,23,8.530358098580814e-16,-2.7868837307448884e-15
63,24,-7.175457418147754e-17,2.824265526525602e-15
63,25,-1.5282131091764038e-15,1.4409591464111276e-15
63,26,5.913170036830832e-16,2.7980790206318355e-15
63,27,-3.848060402040969e-15,-1.2527995415218743e-15
63,28,2.2602259662371615e-15,-2.74853335593188e-15
63,29,-1.999191443279046e-15,4.991233932676056e-15
63,30,-4.5571312217966305e-15,-1.821937123243404e-15
63,31,1.585581093913561e-15,-1.8455004069728536e-15
63,32,-1.0386854138157466e-15,4.3608889461339055e-15
63,33,-3.962315944382693e-15,-5.391578707873686e-16
63,34,8.301409614716806e-16,1.143383184683661e-15
63,35,-1.8844633268127456e-15,-9.237494264148948e-16
63,36,4.1977963592593106e-16,2.7831263761724174e-16
63,37,-4.184127724962062e-15,5.792601925515674e-16
63,38,2.8301764102972306e-16,-7.708572913631404e-16
63,39,5.966094054801815e-16,1.7160337626039219e-15
63,40,-1.4609728924112427e-15,-2.306035587590674e-16
63,41,1.9323851512021664e-16,-1.7238444031812853e-15
63,42,-4.787779953859127e-16,4.623554404391406e-16
63,43,4.5675697996980067e-17,-5.673733390572203e-16
63,44,7.989318067856442e-18,1.3348935319419516e-15
63,45,-1.0859100932073111e-15,-8.817132497305986e-16
63,46,1.2277525507143745e-15,-4.0749032860470847e-16
63,47,-5.865683433895984e-16,6.810269355612078e-16
63,48,7.781881914406245e-16,-1.110154648633494e-15
63,49,-2.432272389588279e-16,-5.8684424521205095e-16
63,50,1.1273047165123445e-15,-7.867736568109602e-16
63,51,2.883306503604022e-16,2.0028809391594566e-15
63,52,-4.143181189980923e-16,-1.5568150217423427e-15
63,53,2.4465584057593184e-15,-2.203733158907125e-15
63,54,4.4265876376486126e-16,1.241090163960634e-15
63,55,-1.369655811139905e-15,-8.555406378039836e-16
63,56,2.372181688690504e-15,-1.3238130447499308e-15
63,57,1.6230555881742122e-15,1.7973869783469573e-15
63,58,-1.7106182280503812e-16,-6.397024591423146e-17
63,59,8.301710105220079e-16,-3.0936332245481583e-16
63,60,7.628518579315277e-16,3.7091128653587524e-17
63,61,9.755509394486794e-16,4.986483553665041e-16
63,62,-6.893643204361695e-17,5.195831093435547e-16
63,63,3.354627574606558e-16,-1.063947563956364e-15
64,0,6.699464212602158e-15,0.0
64,1,5.3874631543564595e-14,4.044385266729526e-15
64,2,-4.114405085236507e-15,-1.5789286633463398e-14
64,3,1.8098396180653298e-14,-1.771869162134512e-14
64,4,-1.390513221379132e-16,7.443927552805291e-15
64,5,4.745999457005344e-15,4.108417124244728e-15
64,6,-1.7747143862072414e-15,-1.5024386154291092e-15
64,7,2.019718062760682e-15,1.2372301263445984e-15
64,8,2.9692453008091243e-15,9.473559583189104e-15
64,9,-4.0011340951209975e-15,8.867030072759014e-16
64,10,1.135607958006902e-14,-3.822289127684612e-15
64,11,9.892049153910232e-16,1.050965383560368e-14
64,12,-1.974117257941262e-15,-3.2906456063124436e-15
64,13,6.432205230381582e-15,-5.3486010621862286e-17
64,14,-1.1224822920166756e-15,5.448506839096822e-15
64,15,1.0012939186333983e-16,-5.079721623151948e-16
64,16,-1.440029541213675e-15,3.403851555114256e-15
64,17,5.536679542399474e-17,4.818267276458501e-16
64,18,1.9873754735146708e-15,3.2273116661594367e-15
64,19,-3.588301259992044e-15,5.926673227133625e-15
64,20,-1.3721533537781369e-17,-3.897472105023989e-15
64,21,4.476748832962206e-15,5.4978462860000215e-15
64,22,-5.444787524550926e-15,1.7969958052749663e-15
64,23,8.400887063888461e-16,-2.7445853048151663e-15
64,24,-7.066550630697287e-17,2.781399731709081e-15
64,25,-1.5050183815707243e-15,1.4190887314204257e-15
64,26,5.823421841721922e-16,2.755610676188894e-15
64,27,-3.789655777516026e-15,-1.2337849525645915e-15
64,28,2.2259209826590477e-15,-2.706816999670336e-15
64,29,-1.9688483578284485e-15,4.915478587567782e-15
64,30,-4.4879645481709365e-15,-1.7942843469162323e-15
64,31,1.5615156534660171e-15,-1.8174899946953564e-15
64,32,-1.0229205803008496e-15,4.29470077472193e-15
64,33,-3.902177185942695e-15,-5.309747058385279e-16
64,34,8.175413486558804e-16,1.1260292820385353e-15
64,35,-1.8558615478554436e-15,-9.09729054391556e-16
64,36,4.1340835547345494e-16,2.74088497816328e-16
64,37,-4.120622378577375e-15,5.704683674465674e-16
64,38,2.7872209019858e-16,-7.591574670463237e-16
64,39,5.875542595950914e-16,1.689988353461215e-15
64,40,-1.4387987152135197e-15,-2.2710353202968047e-16
64,41,1.9030560301900126e-16,-1.697680446645201e-15
64,42,-4.715112567878159e-16,4.553379581039908e-16
64,43,4.498244692690503e-17,-5.587619287956963e-16
64,44,7.868058764931777e-18,1.3146329467722144e-15
64,45,-1.0694284986803698e-15,-8.683308892921113e-16
64,46,1.2091181169367807e-15,-4.0130557131059725e-16
64,47,-5.776655975190511e-16,6.706905275251675e-16
64,48,7.663771010776126e-16,-1.0933050780332847e-15
64,49,-2.395356140669488e-16,-5.779373117922808e-16
64,50,1.1101948476916318e-15,-7.748322590127894e-16
64,51,2.83954460380536e-16,1.9724818557257017e-15
64,52,-4.0802973169493835e-16,-1.5331861834966057e-15
64,53,2.409425328276718e-15,-2.170285605009356e-15
64,54,4.35940231260369e-16,1.2222532961741318e-15
64,55,-1.3488676152644962e-15,-8.425555168609056e-16
64,56,2.3361774771247425e-15,-1.3037206356549925e-15
64,57,1.598421371892122e-15,1.7701068162318572e-15
64,58,-1.684655014151292e-16,-6.299932607331438e-17
64,59,8.175709416313757e-16,-3.0466790533501726e-16
64,60,7.512735375114495e-16,3.6528171419062274e-17
64,61,9.60744340702663e-16,4.910800308283253e-16
64,62,-6.789013702510289e-17,5.11697043835171e-16
64,63,3.303712115012421e-16,-1.0477993096425438e-15
64,64,1.705864907434956e-15,6.191083353264457e-16
65,0,6.5993117316128e-15,0.0
65,1,5.306924206162276e-14,3.983924429013901e-15
65,2,-4.0528974983601496e-15,-1.555324742507135e-14
65,3,1.7827837338647526e-14,-1.7453809106945686e-14
65,4,-1.369725984586724e-16,7.332645845931465e-15
65,5,4.675049959357589e-15,4.046999053355078e-15
65,6,-1.7481836005823528e-15,-1.4799781693256146e-15
65,7,1.9895246370679227e-15,1.2187343686577222e-15
65,8,2.9248570819747524e-15,9.33193624347902e-15
65,9,-3.941319833311271e-15,8.7344739410129e-16
65,10,1.1186313833411685e-14,-3.7651484777687325e-15
65,11,9.744169676776942e-16,1.0352541584150036e-14
65,12,-1.9446055335895122e-15,-3.2414526692251786e-15
65,13,6.336048091301168e-15,-5.268643076114353e-17
65,14,-1.1057019372234337e-15,5.367055328900444e-15
65,15,9.863252484579454e-17,-5.003783203727755e-16
65,16,-1.4185020687660688e-15,3.3529662652842254e-15
65,17,5.4539099096322365e-17,4.746237423548857e-16
65,18,1.9576655477633716e-15,3.1790655288513576e-15
65,19,-3.534658571215614e-15,5.838073451259893e-15
65,20,-1.3516405846494886e-17,-3.8392075201978305e-15
65,21,4.409824450928194e-15,5.415657184279727e-15
65,22,-5.363391615603772e-15,1.7701319274312402e-15
65,23,8.275299456393349e-16,-2.703555601716356e-15
65,24,-6.960910454820245e-17,2.7398196777056877e-15
65,25,-1.4825193696996911e-15,1.3978743099852832e-15
65,26,5.736365604568065e-16,2.7144161512085317e-15
65,27,-3.733002974221707e-15,-1.215340697906996e-15
65,28,2.1926449620960562e-15,-2.666351907313964e-15
65,29,-1.939415399987219e-15,4.841995490983889e-15
65,30,-4.420872498743147e-15,-1.767461003550057e-15
65,31,1.5381720454049187e-15,-1.790319742513149e-15
65,32,-1.0076286060890176e-15,4.230497888633483e-15
65,33,-3.843842263323496e-15,-5.230369913520035e-16
65,34,8.053196557292651e-16,1.109195902131723e-15
65,35,-1.828117666778978e-15,-8.961292173099533e-16
65,36,4.07228178798354e-16,2.6999105924574576e-16
65,37,-4.0590218473500426e-15,5.619402492997087e-16
65,38,2.745553825404634e-16,-7.478085738552435e-16
65,39,5.787707188600544e-16,1.6647241650021023e-15
65,40,-1.4172896427862238e-15,-2.237084870749759e-16
65,41,1.8746066233662902e-16,-1.6723012665700532e-15
65,42,-4.644624808434829e-16,4.485309620897482e-16
65,43,4.430998962021067e-17,-5.504088140277988e-16
65,44,7.750436581892767e-18,1.2949800690149275e-15
65,45,-1.0534412623903258e-15,-8.553499269162376e-16
65,46,1.1910426148701216e-15,-3.9530632311310637e-16
65,47,-5.690298856266127e-16,6.606641555383819e-16
65,48,7.549202792168473e-16,-1.0769609029517423e-15
65,49,-2.3595471785304154e-16,-5.692975379543316e-16
65,50,1.0935981819211414e-15,-7.632490382315296e-16
65,51,2.7970953230977926e-16,1.942994579536388e-15
65,52,-4.0192996182531203e-16,-1.510266081944761e-15
65,53,2.3734060412520047e-15,-2.1378412958975452e-15
65,54,4.2942321820704567e-16,1.2039814320183393e-15
65,55,-1.3287029522544573e-15,-8.299598789550924e-16
65,56,2.301253196176218e-15,-1.284230889604516e-15
65,57,1.5745260481794768e-15,1.7436449106770341e-15
65,58,-1.6594705555253265e-16,-6.20575285494122e-17
65,59,8.053488063096939e-16,-3.0011332520311127e-16
65,60,7.400425037607373e-16,3.598209984116773e-17
65,61,9.463818594258977e-16,4.837387148826007e-16
65,62,-6.687522516916948e-17,5.040475174210121e-16
65,63,3.2543238424143383e-16,-1.0321354151713651e-15
65,64,1.6803633751794484e-15,6.098530823962936e-16
65,65,-3.9366729724235457e-16,7.807123627699817e-16
66,0,6.502118312151442e-15,0.0
66,1,5.228764826609355e-14,3.925249940843167e-15
66,2,-3.993207187822912e-15,-1.5324182128196545e-14
66,3,1.756527231020015e-14,-1.7196752695804572e-14
66,4,-1.3495529184275163e-16,7.224652019840295e-15
66,5,4.606196704627099e-15,3.987395614004239e-15
66,6,-1.7224366819797753e-15,-1.458181329767959e-15
66,7,1.960223293163686e-15,1.2007850785616814e-15
66,8,2.881780338096884e-15,9.194497245203749e-15
66,9,-3.883272817596683e-15,8.605834254929197e-16
66,10,1.1021563911472254e-14,-3.709696080576906e-15
66,11,9.600659382186542e-16,1.0200071302763048e-14
66,12,-1.9159657497757456e-15,-3.193713165204636e-15
66,13,6.242731969119033e-15,-5.1910474938302267e-17
66,14,-1.0894173674751987e-15,5.288010349504289e-15
66,15,9.717988360838366e-17,-4.930088427728022e-16
66,16,-1.3976106376315236e-15,3.30358441003704e-15
66,17,5.373585752339882e-17,4.676335733261915e-16
66,18,1.9288334185221732e-15,3.132244850876613e-15
66,19,-3.4826007859288313e-15,5.752091405726812e-15
66,20,-1.3317338768521396e-17,-3.78266439538645e-15
66,21,4.344877387500827e-15,5.335896405917166e-15
66,22,-5.284400594686578e-15,1.7440617580072658e-15
66,23,8.153422405582017e-16,-2.6637381443327346e-15
66,24,-6.858391477511234e-17,2.6994681298453087e-15
66,25,-1.4606851038218469e-15,1.3772866805945052e-15
66,26,5.6518814930329615e-16,2.6744387416987946e-15
66,27,-3.6780240099479035e-15,-1.1974413891541927e-15
66,28,2.16035210032534e-15,-2.6270823789300057e-15
66,29,-1.9108520554830025e-15,4.770683493926554e-15
66,30,-4.355762721749704e-15,-1.741430170989636e-15
66,31,1.5155181374077222e-15,-1.7639522507532914e-15
66,32,-9.927884418785993e-16,4.168191913019287e-15
66,33,-3.7872308788888354e-15,-5.153338011161548e-16
66,34,7.934590596121239e-16,1.0928598739267997e-15
66,35,-1.801193494314019e-15,-8.829311950840356e-16
66,36,4.0123059892819377e-16,2.6601468180832543e-16
66,37,-3.9992413385550905e-15,5.536640992126057e-16
66,38,2.705117826097616e-16,-7.367949901132689e-16
66,39,5.702466927891765e-16,1.6402064212377892e-15
66,40,-1.3964160680330132e-15,-2.2041375063796412e-16
66,41,1.8469977703101316e-16,-1.6476719286818456e-15
66,42,-4.576219649593134e-16,4.419250826112921e-16
66,43,4.365740044384923e-17,-5.42302496746139e-16
66,44,7.636289612580187e-18,1.27590784661347e-15
66,45,-1.037926378011863e-15,-8.427524943938774e-16
66,46,1.1735011637050113e-15,-3.894843260866574e-16
66,47,-5.606493207118167e-16,6.509340183659356e-16
66,48,7.438019556185958e-16,-1.0610996257396578e-15
66,49,-2.324796212370839e-16,-5.609130311064953e-16
66,50,1.0774918739998963e-15,-7.520080502401673e-16
66,51,2.755900230326382e-16,1.9143785215503113e-15
66,52,-3.9601041309621626e-16,-1.488023167718182e-15
66,53,2.3384509643741385e-15,-2.106355572194173e-15
66,54,4.230987539794036e-16,1.18624942039275e-15
66,55,-1.309134065584142e-15,-8.177363862740357e-16
66,56,2.267360772802533e-15,-1.2653169790915994e-15
66,57,1.5513367252807776e-15,1.7179648370440101e-15
66,58,-1.6350301859312795e-16,-6.114355696444447e-17
66,59,7.934877808682978e-16,-2.956933127095841e-16
66,60,7.291432972355027e-16,3.5452162255978316e-17
66,61,9.324437257576277e-16,4.766143022563476e-16
66,62,-6.589029945634043e-17,4.966240005784179e-16
66,63,3.2063947741807977e-16,-1.016934319295393e-15
66,64,1.6556153000750456e-15,6.008712811331095e-16
66,65,-3.8786943948003533e-16,7.692141782259964e-16
66,66,7.511083189515783e-16,1.2538409500042294e-17
67,0,6.407754190915608e-15,0.0
67,1,5.152880664814002e-14,3.868283465685918e-15
67,2,-3.935254460865096e-15,-1.5101784916893473e-14
67,3,1.7310350543747128e-14,-1.694717919093357e-14
67,4,-1.329967089764468e-16,7.119801891565509e-15
67,5,4.539347766572677e-15,3.929527229414568e-15
67,6,-1.6974392555909582e-15,-1.4370189957130865e-15
67,7,1.931774910712737e-15,1.1833582918912799e-15
67,8,2.8399575572516005e-15,9.061059093036097e-15
67,9,-3.826915549186681e-15,8.480939267175748e-16
67,10,1.0861609856005902e-14,-3.655857901403599e-15
67,11,9.461326669001135e-16,1.0052039427792506e-14
67,12,-1.8881596694161096e-15,-3.147363357058169e-15
67,13,6.152132277126987e-15,-5.1157107171780214e-17
67,14,-1.0736068411812167e-15,5.211266367656955e-15
67,15,9.576952872428875e-17,-4.858538904978171e-16
67,16,-1.3773273555811983e-15,3.2556400594707096e-15
67,17,5.295599829435756e-17,4.608468879586196e-16
67,18,1.900840591906115e-15,3.086787121770691e-15
67,19,-3.432058401585373e-15,5.668612295579707e-15
67,20,-1.3124066528651062e-17,-3.7277672396497354e-15
67,21,4.281820931609717e-15,5.2584574619950256e-15
67,22,-5.207709000588113e-15,1.7187504906210957e-15
67,23,8.035093192942278e-16,-2.6250797722261285e-15
67,24,-6.758856825295327e-17,2.6602912146235515e-15
67,25,-1.4394864329261134e-15,1.35729835662611e-15
67,26,5.569856712059289e-16,2.6356250736688184e-15
67,27,-3.624645482071165e-15,-1.1800631288712662e-15
67,28,2.1289992830248298e-15,-2.5889559856223688e-15
67,29,-1.8831201892863575e-15,4.70144738747839e-15
67,30,-4.292548288880716e-15,-1.7161570953718177e-15
67,31,1.4935236841560513e-15,-1.7383523160776596e-15
67,32,-9.783802745101455e-16,4.107699662935295e-15
67,33,-3.73226745056492e-15,-5.078548505725192e-16
67,34,7.819437251776549e-16,1.0769993871306307e-15
67,35,-1.7750530838959248e-15,-8.701173669843372e-16
67,36,3.954076084713716e-16,2.6215405662748857e-16
67,37,-3.941201039008788e-15,5.456288676659285e-16
67,38,2.665858917808907e-16,-7.261020115430284e-16
67,39,5.619708009229632e-16,1.6164023884357063e-15
67,40,-1.3761501225651688e-15,-2.1721492390354816e-16
67,41,1.8201926103372442e-16,-1.623759550258272e-15
67,42,-4.509805763366396e-16,4.3551150013390877e-16
67,43,4.3023808123539454e-17,-5.34432154175809e-16
67,44,7.525465458942936e-18,1.2573908161714714e-15
67,45,-1.0228631315640799e-15,-8.305217728451532e-16
67,46,1.1564703437835556e-15,-3.838318072609676e-16
67,47,-5.52512713850701e-16,6.414871252648338e-16
67,48,7.330072861669076e-16,-1.0457000699457455e-15
67,49,-2.291056846044209e-16,-5.527725970619202e-16
67,50,1.0618544203351831e-15,-7.410942871530564e-16
67,51,2.715904325766729e-16,1.8865954763600624e-15
67,52,-3.9026318229572055e-16,-1.4664277442178326e-15
67,53,2.304513428987576e-15,-2.07578639719026e-15
67,54,4.1695839476129643e-16,1.169033587221477e-15
67,55,-1.2901348287588333e-15,-8.058687191863566e-16
67,56,2.2344549571008626e-15,-1.246953652082674e-15
67,57,1.528822443043185e-15,1.693032309769206e-15
67,58,-1.6113012749391302e-16,-6.025619107148615e-17
67,59,7.819720296071933e-16,-2.9140196667901333e-16
67,60,7.185613663638296e-16,3.493765114181671e-17
67,61,9.18911330842797e-16,4.696972811192823e-16
67,62,-6.49340449085658e-17,4.89416582141933e-16
67,63,3.1598609200312526e-16,-1.0021757269739442e-15
67,64,1.6315876408729341e-15,5.921509399000054e-16
67,65,-3.8224035722504663e-16,7.580507055720479e-16
67,66,7.402076135094256e-16,1.2356441726254582e-17
67,67,5.905218861439436e-16,-3.8376497187267887e-16
68,0,6.3160971126583366e-15,0.0
68,1,5.079173407595112e-14,3.8129511995327714e-15
68,2,-3.878964235719889e-15,-1.4885767660189934e-14
68,3,1.706274177050511e-14,-1.670476525259218e-14
68,4,-1.3109431238016415e-16,7.0179596205126225e-15
68,5,4.474416537770614e-15,3.873318927090619e-15
68,6,-1.6731589355207473e-15,-1.4164637498932654e-15
68,7,1.9041426328676144e-15,1.1664314310388395e-15
68,8,2.7993345551331085e-15,8.931448908618972e-15
68,9,-3.772175013341368e-15,8.35962716765596e-16
68,10,1.0706244435468502e-14,-3.6035641891632834e-15
68,11,9.325991022052054e-16,9.908254173703865e-15
68,12,-1.8611512678099352e-15,-3.1023431954029467e-15
68,13,6.064131637156567e-15,-5.042535142151953e-17
68,14,-1.0582498747109365e-15,5.1367239562209804e-15
68,15,9.439963298119224e-17,-4.789041938121839e-16
68,16,-1.3576259442200444e-15,3.209071098362391e-15
68,17,5.219851104761842e-17,4.542548936317886e-16
68,18,1.8736508012718333e-15,3.042633447900869e-15
68,19,-3.3829659370299112e-15,5.58752796785648e-15
68,20,-1.2936338729326987e-17,-3.674444929924767e-15
68,21,4.220573389254149e-15,5.1832400250044004e-15
68,22,-5.133217474042867e-15,1.6941653327748533e-15
68,23,7.920158514793405e-16,-2.5875304008011723e-15
68,24,-6.662177544144988e-17,2.6222381756365738e-15
68,25,-1.4188958926678678e-15,1.3378834418236481e-15
68,26,5.490184992869003e-16,2.5979248613266263e-15
68,27,-3.5727982350160166e-15,-1.16318340231983e-15
68,28,2.098545890450793e-15,-2.5519233320110242e-15
68,29,-1.856183872846197e-15,4.634197471473891e-15
68,30,-4.231147301465367e-15,-1.6916090336788036e-15
68,31,1.4721601903141913e-15,-1.7134867719999347e-15
68,32,-9.64385437206105e-16,4.048942766486801e-15
68,33,-3.678880769428105e-15,-5.005904502232903e-16
68,34,7.707587335134929e-16,1.0615938933853783e-15
68,35,-1.7496625688146634e-15,-8.576711318101228e-16
68,36,3.8975166334092924e-16,2.584041819962438e-16
68,37,-3.8848257534879726e-15,5.378241444613488e-16
68,38,2.627726237906974e-16,-7.157157846510678e-16
68,39,5.539323212709937e-16,1.5932812268246488e-15
68,40,-1.356465550448384e-15,-2.141078625704058e-16
68,41,1.7941564155085615e-16,-1.6005331511588789e-15
68,42,-4.445297105970645e-16,4.292819054178213e-16
68,43,4.2408391796599855e-17,-5.267875897435559e-16
68,44,7.417820540623408e-18,1.2394049875950268e-15
68,45,-1.008232007569161e-15,-8.186419165242043e-16
68,46,1.1399280905003913e-15,-3.7834144340686955e-16
68,47,-5.446095235062045e-16,6.323112371315487e-16
68,48,7.225222856207568e-16,-1.0307422843801672e-15
68,49,-2.2582853678674336e-16,-5.448656893251645e-16
68,50,1.0466655615240145e-15,-7.304936094351276e-16
68,51,2.6770557919576486e-16,1.859609449108627e-15
68,52,-3.8468082348874216e-16,-1.4454518330786442e-15
68,53,2.271549466667501e-15,-2.046094166404881e-15
68,54,4.109941852925806e-16,1.1523116282016934e-15
68,55,-1.2716806269528988e-15,-7.943415023083638e-16
68,56,2.2024931173106133e-15,-1.2291171176172656e-15
68,57,1.5069540326565722e-15,1.6688150270387596e-15
68,58,-1.5882530801031741e-16,-5.939428122663688e-17
68,59,7.707866330739873e-16,-2.8723372737575057e-16
68,60,7.0828300152223905e-16,3.443789991394179e-17
68,61,9.057671425276526e-16,4.629786899920178e-16
68,62,-6.400522263192739e-17,4.824159244023795e-16
68,63,3.1146619921385436e-16,-9.878405174296993e-16
68,64,1.6082492680784374e-15,5.836807608916598e-16
68,65,-3.767727576119196e-16,7.472074817570488e-16
68,66,7.29619618849105e-16,1.2179694099466653e-17
68,67,5.820750092634818e-16,-3.7827556403784003e-16
68,68,8.21817538023139e-16,-4.628874141626524e-16
69,0,6.227031792944288e-15,0.0
69,1,5.0075503474423594e-14,3.759183546568753e-15
69,2,-3.8242657116706994e-15,-1.467585865591152e-14
69,3,1.682213455312357e-14,-1.646920597738907e-14
69,4,-1.2924570925760726e-16,6.91899711151501e-15
69,5,4.411321349023169e-15,3.818700009356689e-15
69,6,-1.6495651824693709e-15,-1.3964897383324287e-15
69,7,1.8772917043032614e-15,1.1499832057381577e-15
69,8,2.759860236943821e-15,8.805503670861055e-15
69,9,-3.7189823585122855e-15,8.241745372443322e-16
69,10,1.0555272234349128e-14,-3.552749169873176e-15
69,11,9.194482218876e-16,9.768534690287377e-15
69,12,-1.834906574331191e-15,-3.0585960547822775e-15
69,13,5.978619363767201e-15,-4.9714287299808984e-17
69,14,-1.0433271523798335e-15,5.064289357245811e-15
69,15,9.306847335169438e-17,-4.721510115267506e-16
69,16,-1.3384816235078579e-15,3.1638189532064936e-15
69,17,5.14624430309098e-17,4.478492990674013e-16
69,18,1.847229847845814e-15,2.999728293661419e-15
69,19,-3.3352616447448147e-15,5.5087364363154345e-15
69,20,-1.2753919250287056e-17,-3.622630398479465e-15
69,21,4.161057724503339e-15,5.1101494879611256e-15
69,22,-5.06083232110228e-15,1.6702753617499235e-15
69,23,7.80847380860162e-16,-2.5510428012113393e-15
69,24,-6.568232032798775e-17,2.5852611505348874e-15
69,25,-1.3988875846784066e-15,1.319017516496543e-15
69,26,5.412766125971096e-16,2.5612906861010105e-15
69,27,-3.5224170563546326e-15,-1.1467809785182606e-15
69,28,2.0689536189366305e-15,-2.5159378391667507e-15
69,29,-1.8300092262037663e-15,4.568849160317044e-15
69,30,-4.171482530572756e-15,-1.6677551098507761e-15
69,31,1.4514007853079178e-15,-1.689324343137321e-15
69,32,-9.507863275407085e-16,3.991847320427509e-15
69,33,-3.627003686781243e-15,-4.935314630513575e-16
69,34,7.598900163613777e-16,1.0466240159698843e-15
69,35,-1.7249900133894358e-15,-8.455768349363325e-16
69,36,3.8425564960248116e-16,2.5476034139746355e-16
69,37,-3.8300445742888216e-15,5.302401129745016e-16
69,38,2.5906718238715823e-16,-7.056232458494423e-16
69,39,5.461211431947305e-16,1.570813855071113e-15
69,40,-1.3373375928225185e-15,-2.1108865863908772e-16
69,41,1.768856438020244e-16,-1.5779635176845604e-15
69,42,-4.3826125397099817e-16,4.232284630036969e-16
69,43,4.18103774047133e-17,-5.193591882695077e-16
69,44,7.313219464001583e-18,1.2219277386695622e-15
69,45,-9.940146032926949e-16,-8.07097983185937e-16
69,46,1.1238535973410055e-15,-3.730063288547874e-16
69,47,-5.369298092039681e-16,6.233948127179594e-16
69,48,7.123337661566769e-16,-1.016207455440137e-15
69,49,-2.2264405585323187e-16,-5.371823627462075e-16
69,50,1.0319061933243089e-15,-7.20192683766487e-16
69,51,2.6393057659922145e-16,1.8333864973119886e-15
69,52,-3.7925631529629793e-16,-1.4250690512201456e-15
69,53,2.239517616003022e-15,-2.0172415335454724e-15
69,54,4.0519862391016663e-16,1.1360625107886135e-15
69,55,-1.253748248841307e-15,-7.83140236937785e-16
69,56,2.171435052470521e-15,-1.2117849412599395e-15
69,57,1.4857039884728082e-15,1.645282528840001e-15
69,58,-1.565856611866055e-16,-5.855674333697482e-17
69,59,7.599175225011836e-16,-2.831833520719719e-16
69,60,6.982952747895109e-16,3.395227999527897e-17
69,61,8.929946283156675e-16,4.564500783653395e-16
69,62,-6.310266437238817e-17,4.756132220728134e-16
69,63,3.07074114019739e-16,-9.739106601235095e-16
69,64,1.5855708271541806e-15,5.754500904867402e-16
69,65,-3.7145976360348424e-16,7.366708683914872e-16
69,66,7.193310176032182e-16,1.2007944310057265e-17
69,67,5.738669820794617e-16,-3.7294137847195937e-16
69,68,8.102288242232911e-16,-4.563600896458426e-16
69,69,-4.515595347226311e-16,2.3504318954617846e-17
70,0,6.140449426560618e-15,0.0
70,1,4.9379239871982716e-14,3.706914822406902e-15
70,2,-3.771092067146906e-15,-1.447180147210513e-14
70,3,1.6588234957671965e-14,-1.6240213598130925e-14
70,4,-1.2744864129255543e-16,6.822793468617999e-15
70,5,4.349985121109575e-15,3.765603751891924e-15
70,6,-1.6266291735085464e-15,-1.3770725601011667e-15
70,7,1.851189323015409e-15,1.1339935222798032e-15
70,8,2.7214863795189166e-15,8.683069520791821e-15
70,9,-3.667272602749682e-15,8.127149873141976e-16
70,10,1.0408508819890683e-14,-3.503350766183672e-15
70,11,9.066639603862394e-16,9.63271029148723e-15
70,12,-1.8093935275729327e-15,-3.0160684922066585e-15
70,13,5.8954909922678415e-15,-4.902304614662067e-17
70,14,-1.0288204440846008e-15,4.993874082170645e-15
70,15,9.177442364608091e-17,-4.655860937251826e-16
70,16,-1.3198710060936867e-15,3.119828342448972e-15
70,17,5.0746895038598326e-17,4.416222789740626e-16
70,18,1.8215454548959885e-15,2.9580192446619353e-15
70,19,-3.2888872475500065e-15,5.43214144655152e-15
70,20,-1.2576585241713772e-17,-3.572260346926305e-15
70,21,4.103201231004339e-15,5.03909656098823e-15
70,22,-4.9904651136105045e-15,1.6470513927481093e-15
70,23,7.699902636545026e-16,-2.5155723989684645e-15
70,24,-6.476905524236362e-17,2.5493149669315365e-15
70,25,-1.3794370661306403e-15,1.3006775333910796e-15
70,26,5.337505533854163e-16,2.5256777944420415e-15
70,27,-3.4734403987318223e-15,-1.1308358197097901e-15
70,28,2.040186317560626e-15,-2.4809555459919993e-15
70,29,-1.8045642735237102e-15,4.5053226222963906e-15
70,30,-4.113481087696814e-15,-1.6445661831260159e-15
70,31,1.4312201087445724e-15,-1.6658355118478935e-15
70,32,-9.375663323807367e-16,3.93634357502564e-15
70,33,-3.576572827822142e-15,-4.866692655587738e-16
70,34,7.49324296128113e-16,1.0320714671745929e-15
70,35,-1.7010052767904217e-15,-8.338197015600494e-16
70,36,3.789128531393935e-16,2.512180833919886e-16
70,37,-3.776790578866378e-15,5.228675082955122e-16
70,38,2.5546504087748336e-16,-6.958120657507321e-16
70,39,5.3852772429432725e-16,1.5489728262723815e-15
70,40,-1.3187428823263213e-15,-2.0815362374775542e-16
70,41,1.7442617705624168e-16,-1.5560230780062156e-15
70,42,-4.3216754869939845e-16,4.1734377780114115e-16
70,43,4.12290343932329e-17,-5.12137874966687e-16
70,44,7.211534444857496e-18,1.2049377185955144e-15
70,45,-9.801935502718119e-16,-7.958758703701801e-16
70,46,1.108227227159816e-15,-3.6781994604798583e-16
70,47,-5.294641891447471e-16,6.147269594178392e-16
70,48,7.024292811340181e-16,-1.0020778268860592e-15
70,49,-2.195483515340612e-16,-5.297132311129247e-16
70,50,1.0175582851917027e-15,-7.101789261872559e-16
70,51,2.60260813115942e-16,1.8078945861235788e-15
70,52,-3.7398303095535213e-16,-1.4052544983452787e-15
70,53,2.2083787457998596e-15,-1.989193251257964e-15
70,54,3.995646305598676e-16,1.120266384509749e-15
70,55,-1.2363157876232575e-15,-7.722512392292506e-16
70,56,2.141242820996069e-15,-1.1949359494366983e-15
70,57,1.4650463507177888e-15,1.622406067075652e-15
70,58,-1.544084509943194e-16,-5.774255423783111e-17
70,59,7.493514198149696e-16,-2.7924589269194544e-16
70,60,6.885859848202005e-16,3.348019813607872e-17
70,61,8.805781848706407e-16,4.5010347066604e-16
70,62,-6.222526753419208e-17,4.690001647415362e-16
70,63,3.0280447090066527e-16,-9.60369137869629e-16
70,64,1.5635246133481947e-15,5.6744887381935575e-16
70,65,-3.6629488466621105e-16,7.264279935914068e-16
70,66,7.093292408678192e-16,1.184098254266335e-17
70,67,5.658877773877186e-16,-3.6775589875318274e-16
70,68,7.989631793308082e-16,-4.500147331745023e-16
70,69,-4.452809264901029e-16,2.3177508425461203e-17
70,70,-1.2427949697094157e-16,-1.9466089287795579e-16
71,0,6.0562472370628565e-15,0.0
71,1,4.870211677819559e-14,3.6560829821545845e-15
71,2,-3.7193801830822145e-15,-1.427335388540939e-14
71,3,1.6360765336751787e-14,-1.6017516292464835e-14
71,4,-1.2570097529942325e-16,6.729234494569019e-15
71,5,4.2903350456776744e-15,3.713967127491308e-15
71,6,-1.604323682754416e-15,-1.3581891662967572e-15
71,7,1.8258045045201148e-15,1.118443400323059e-15
71,8,2.684167431682197e-15,8.564001124584627e-15
71,9,-3.616984364676913e-15,8.015704640691245e-16
71,10,1.0265779978537379e-14,-3.455310340377811e-15
71,11,8.942311423138343e-16,9.500619748760434e-15
71,12,-1.784581842612919e-15,-2.9747100258995335e-15
71,13,5.814647846232628e-15,-4.8350807433353174e-17
71,14,-1.0147125298304312e-15,4.9253945454813536e-15
71,15,9.051594777988955e-17,-4.592016476092687e-16
71,16,-1.3017720004920803e-15,3.077047047621418e-15
71,17,5.005101768897305e-17,4.355664416505337e-16
71,18,1.7965671341059015e-15,2.9174567907314974e-15
71,19,-3.2437876973351472e-15,5.357652077502621e-15
71,20,-1.2404126201634896e-17,-3.5232749841666766e-15
71,21,4.0469352309773674e-15,4.9699969016553935e-15
71,22,-4.922032323111396e-15,1.6244658580664227e-15
71,23,7.594316120660337e-16,-2.4810770894041412e-15
71,24,-6.388089610542514e-17,2.514356955388189e-15
71,25,-1.3605212485456681e-15,1.2828417222746576e-15
71,26,5.264313879435039e-16,2.49104391254115e-15
71,27,-3.425810125058676e-15,-1.1153289984060938e-15
71,28,2.01220983848095e-15,-2.4469349272217293e-15
71,29,-1.779818810713956e-15,4.443542449081344e-15
71,30,-4.057074122997536e-15,-1.6220147273980025e-15
71,31,1.4115942054209101e-15,-1.6429923960274149e-15
71,32,-9.247097591070665e-16,3.882365645299695e-15
71,33,-3.527528329271568e-15,-4.799957120654313e-16
71,34,7.39049030916264e-16,1.0179189725903417e-15
71,35,-1.6776798882555918e-15,-8.223857755327405e-16
71,36,3.7371693185630735e-16,2.477732031896473e-16
71,37,-3.7250005527748856e-15,5.156975788722223e-16
71,38,2.5196192338758527e-16,-6.862705981243162e-16
71,39,5.311430509030462e-16,1.5277322143262091e-15
71,40,-1.300659346356437e-15,-2.0529927390234495e-16
71,41,1.7203432183627513e-16,-1.534685788017239e-15
71,42,-4.262413613306097e-16,4.116208644729865e-16
71,43,4.066367268668218e-17,-5.05115077871348e-16
71,44,7.112644779343935e-18,1.1884147595959141e-15
71,45,-9.667524424096633e-16,-7.849622570174289e-16
71,46,1.0930304308822905e-15,-3.6277613855985278e-16
71,47,-5.222038013637153e-16,6.062973881714107e-16
71,48,6.927970735657927e-16,-9.883366263306096e-16
71,49,-2.1653774911466358e-16,-5.224494282921229e-16
71,50,1.0036048056330052e-15,-7.004404499999143e-16
71,51,2.566919326020763e-16,1.7831034557098524e-15
71,52,-3.6885471088398433e-16,-1.3859846538530448e-15
71,53,2.178095893077006e-15,-1.9619160252025567e-15
71,54,3.940855174849392e-16,1.104904498783854e-15
71,55,-1.2193625503279156e-15,-7.616615835431058e-16
71,56,2.1118805836011396e-15,-1.1785501417762787e-15
71,57,1.4449565980178404e-15,1.6001584865465605e-15
71,58,-1.5229109300510755e-16,-5.695074745688317e-17
71,59,7.39075782663925e-16,-2.754166753269734e-16
71,60,6.791436063310076e-16,3.3021093957859676e-17
71,61,8.685030734188064e-16,4.439313332380065e-16
71,62,-6.137199061511196e-17,4.625689024669493e-16
71,63,2.9865220163365356e-16,-9.471998763844818e-16
71,64,1.542084456996105e-15,5.596676131518623e-16
71,65,-3.612719898993698e-16,7.164666986887432e-16
71,66,6.99602416167089e-16,1.167861060754337e-17
71,67,5.581279235796307e-16,-3.627129695268965e-16
71,68,7.880072306120141e-16,-4.43843812577772e-16
71,69,-4.391749192017961e-16,2.2859682022057412e-17
71,70,-1.2257528852825514e-16,-1.9199156491003636e-16
71,71,6.699168684509671e-17,5.837722828809174e-16
72,0,5.974328063500567e-15,0.0
72,1,4.804335286037067e-14,3.606629370924785e-15
72,2,-3.669070389106594e-15,-1.4080286907050382e-14
72,3,1.6139463213048652e-14,-1.5800857089853485e-14
72,4,-1.2400069464550853e-16,6.6382122316190524e-15
72,5,4.232302292474275e-15,3.663730552626979e-15
72,6,-1.5826229718895492e-15,-1.3398177673612269e-15
72,7,1.801107957262059e-15,1.103314896574078e-15
72,8,2.6478603310802645e-15,8.44816108915491e-15
72,9,-3.568059616669803e-15,7.9072810783792e-16
72,10,1.0126921015404638e-14,-3.4085724585831672e-15
72,11,8.821354214351177e-16,9.372110642760747e-15
72,12,-1.7604428892349165e-15,-2.934472932305031e-15
72,13,5.73599664071313e-15,-4.7696795463404174e-17
72,14,-1.0009871304876987e-15,4.858771728604789e-15
72,15,8.929159359716105e-17,-4.529903061633016e-16
72,16,-1.2841637222510227e-15,3.0354257033653872e-15
72,17,4.937400800879681e-17,4.2967479926296446e-16
72,18,1.7722660629781477e-15,2.8779941268333306e-15
72,19,-3.1999109537056897e-15,5.2851823758468895e-15
72,20,-1.2236343129474012e-17,-3.4756177859649073e-15
72,21,3.992194799055609e-15,4.902770775829625e-15
72,22,-4.855454984972256e-15,1.6024926962445987e-15
72,23,7.491592424611729e-16,-2.4475170683626475e-15
72,24,-6.301681806988035e-17,2.4803467778370676e-15
72,25,-1.3421183049516997e-15,1.2654895023955152e-15
72,26,5.193106706825462e-16,2.4573490763439233e-15
72,27,-3.379471274737527e-15,-1.1002426212779709e-15
72,28,1.9849918996237824e-15,-2.413836726446175e-15
72,29,-1.7557442839720435e-15,4.383437352497765e-15
72,30,-4.002196548448897e-15,-1.600074720530194e-15
72,31,1.3925004289968355e-15,-1.6207686369926094e-15
72,32,-9.122017725130825e-16,3.829851246088375e-15
72,33,-3.479813598657031e-15,-4.735031019544689e-16
72,34,7.290523640919366e-16,1.0041502016462386e-15
72,35,-1.6549869326069345e-15,-8.112618632411912e-16
72,36,3.686618901769405e-16,2.444217257413751e-16
72,37,-3.674614735476188e-15,5.087220513193256e-16
72,38,2.4855378766836286e-16,-6.769878330657176e-16
72,39,5.239586018424045e-16,1.5070675096793784e-15
72,40,-1.2830661183112656e-15,-2.0252231546707893e-16
72,41,1.6970731817913722e-16,-1.5139270266075686e-15
72,42,-4.2047585363393207e-16,4.0605311934655485e-16
72,43,4.011363991389268e-17,-4.982826933742547e-16
72,44,7.016436358624215e-18,1.1723397958197427e-15
72,45,-9.536757700048668e-16,-7.743445499035359e-16
72,46,1.078245672917268e-15,-3.5786908633829346e-16
72,47,-5.151402680956204e-16,5.980963720920104e-16
72,48,6.834260288426571e-16,-9.749679977952907e-16
72,49,-2.1360877465933499e-16,-5.153825725779336e-16
72,50,9.900296537208667e-16,-6.909660179717036e-16
72,51,2.532198169245355e-16,1.7589844995724784e-15
72,52,-3.638654375109859e-16,-1.3672372822598203e-15
72,53,2.1486341144348877e-15,-1.935378380173859e-15
72,54,3.8875496233394276e-16,1.0899591275229665e-15
72,55,-1.2028689746059126e-15,-7.513590504701238e-16
72,56,2.083314459184668e-15,-1.1626086106866638e-15
72,57,1.4254115487968305e-15,1.578514115757935e-15
72,58,-1.5023114399848038e-16,-5.618040932787292e-17
72,59,7.290787539849748e-16,-2.716912814411384e-16
72,60,6.699572437564621e-16,3.257443770007083e-17
72,61,8.567553604827537e-16,4.379265440486372e-16
72,62,-6.054184901846526e-17,4.563120142121553e-16
72,63,2.946125149130282e-16,-9.343876796503619e-16
72,64,1.5212256182902999e-15,5.520973296835119e-16
72,65,-3.563852833820657e-16,7.067754893401058e-16
72,66,6.901393197129252e-16,1.1520641143636589e-17
72,67,5.505784665558363e-16,-3.578067717544328e-16
72,68,7.773483359919604e-16,-4.3784020722715223e-16
72,69,-4.3323446713271176e-16,2.2550473004353594e-17
72,70,-1.2091728713855897e-16,-1.8939461176187058e-16
72,71,6.608553103489311e-17,5.758759502032296e-16
72,72,4.4315538888467865e-16,2.3183943866505595e-17
73,0,5.8945999807939246e-15,0.0
73,1,4.7402208890765546e-14,3.558498494662055e-15
73,2,-3.620106230404572e-15,-1.3892383888145724e-14
73,3,1.5924080253791337e-14,-1.5589992867550044e-14
73,4,-1.223458913716847e-16,6.549624539714389e-15
73,5,4.175821740414302e-15,3.614837654645822e-15
73,6,-1.5615026895992073e-15,-1.3219377479460535e-15
73,7,1.7770719681677403e-15,1.088591034678555e-15
73,8,2.612524335930994e-15,8.335419425343345e-15
73,9,-3.5204434581334074e-15,7.801757519394677e-16
73,10,9.991776110789751e-15,-3.3630846741828124e-15
73,11,8.70363224613802e-16,9.24703876781185e-15
73,12,-1.736949580065851e-15,-2.895312059624374e-15
73,13,5.6594491177590854e-15,-4.706027634139936e-17
73,14,-9.876288441867876e-16,4.7939308711705355e-15
73,15,8.809998719663287e-17,-4.46945099369965e-16
73,16,-1.2670264123530274e-15,2.9949176045540232e-15
73,17,4.871510629596096e-17,4.239407405423047e-16
73,18,1.7486149722202517e-15,2.839586970190019e-15
73,19,-3.1572077806527097e-15,5.2146510201693245e-15
73,20,-1.207304774852335e-17,-3.429235274099008e-15
73,21,3.938918508611385e-15,4.837342746141209e-15
73,22,-4.790658389856349e-15,1.5811072502387898e-15
73,23,7.391616277656731e-16,-2.414854676679724e-15
73,24,-6.217585151605487e-17,2.447246269973648e-15
73,25,-1.3242075846025746e-15,1.2486014020704285e-15
73,26,5.123804111349377e-16,2.424555475404131e-15
73,27,-3.3343718489220782e-15,-1.085559759243236e-15
73,28,1.9585019585520677e-15,-2.3816238027297513e-15
73,29,-1.7323136782208389e-15,4.3249398859936315e-15
73,30,-3.948786783529491e-15,-1.578721542683363e-15
73,31,1.37391735351252e-15,-1.5991392964935601e-15
73,32,-9.00028336841146e-16,3.778741448692455e-15
73,33,-3.4333750931969096e-15,-4.671841495847261e-16
73,34,7.193230779590058e-16,9.907497038035016e-16
73,35,-1.6329009450885346e-15,-8.004354820579422e-16
73,36,3.6374205561840906e-16,2.411598902080598e-16
73,37,-3.625576586845724e-15,5.019330980929246e-16
73,38,2.452368093019855e-16,-6.679533539791391e-16
73,39,5.169663151285625e-16,1.486955523564942e-15
73,40,-1.265943456061802e-15,-1.9981963229570332e-16
73,41,1.6744255485246768e-16,-1.4937234994650591e-15
73,42,-4.148645558815569e-16,4.0063429461204844e-16
73,43,3.9578318859085154e-17,-4.916330545585795e-16
73,44,6.922801223030654e-18,1.1566947888485924e-15
73,45,-9.409488591526165e-16,-7.640108344359636e-16
73,46,1.0638563626425897e-15,-3.5309328296585326e-16
73,47,-5.082656630415108e-16,5.901147084615812e-16
73,48,6.743056313063501e-16,-9.619569397585805e-16
73,49,-2.1075814143801078e-16,-5.085047339431432e-16
73,50,9.768175961848705e-16,-6.817449984289554e-16
73,51,2.498405698707855e-16,1.7355106527781586e-15
73,52,-3.5900961215495974e-16,-1.348991346321755e-15
73,53,2.1199603495259007e-15,-1.9095505371222105e-15
73,54,3.8356698345830373e-16,1.0754134998737387e-15
73,55,-1.186816552296107e-15,-7.413320790883134e-16
73,56,2.0555123924517443e-15,-1.147093467480087e-15
73,57,1.40638927070203e-15,1.5574486666166952e-15
73,58,-1.482262924157559e-16,-5.543067542076618e-17
73,59,7.193491156759411e-16,-2.6806553060737507e-16
73,60,6.610165886782017e-16,3.213972815023203e-17
73,61,8.453218634410955e-16,4.320823648619177e-16
73,62,-5.973391120613678e-17,4.50222478849776e-16
73,63,2.9068087763001716e-16,-9.219181705421556e-16
73,64,1.5009246906175318e-15,5.447295284688374e-16
73,65,-3.5162928152764673e-16,6.97343490616534e-16
73,66,6.80929332551802e-16,1.136689688651335e-17
73,67,5.432309347411304e-16,-3.530317999771516e-16
73,68,7.669745346598112e-16,-4.319971802150658e-16
73,69,-4.27452904242326e-16,2.224953439541628e-17
73,70,-1.1930363228613406e-16,-1.8686711927899288e-16
73,71,6.520361215999036e-17,5.681908206123268e-16
73,72,4.372414301731127e-16,2.287455151737305e-17
73,73,-1.7979248015961038e-16,-8.22545824385655e-16
74,0,5.816975950590429e-15,0.0
74,1,4.6777984938904844e-14,3.511637809368948e-15
74,2,-3.572434253292576e-15,-1.370943969684426e-14
74,3,1.5714381327551955e-14,-1.5384693427186662e-14
74,4,-1.207347589457266e-16,6.463374708555555e-15
74,5,4.1208317302425385e-15,3.567235057658882e-15
74,6,-1.5409397790819168e-15,-1.3045295886124181e-15
74,7,1.7536702973876549e-15,1.0742557407433488e-15
74,8,2.5781208702810045e-15,8.225653054200293e-15
74,9,-3.4740839069824847e-15,7.69901876472107e-16
74,10,9.860197728348601e-15,-3.318797328616317e-15
74,11,8.589017002600606e-16,9.125267584195613e-15
74,12,-1.7140762676944796e-15,-2.857184656323539e-15
74,13,5.584921711203348e-15,-4.6440555185763346e-17
74,14,-9.746230878198096e-16,4.730801187061405e-15
74,15,8.69398277134854e-17,-4.410594277373115e-16
74,16,-1.2503413621678457e-15,2.9554785288999756e-15
74,17,4.8073593234039015e-17,4.1835800567385383e-16
74,18,1.7255880421723832e-15,2.8021933920918162e-15
74,19,-3.1156315595482054e-15,5.145981012092578e-15
74,20,-1.1914061790844608e-17,-3.3840768132435015e-15
74,21,3.8870481984499185e-15,4.773641385462863e-15
74,22,-4.727571799967216e-15,1.5602861737709392e-15
74,23,7.294278536833105e-16,-2.3830542571482205e-15
74,24,-6.135707836915166e-17,2.4150192963037166e-15
74,25,-1.3067695345435708e-15,1.232158984728754e-15
74,26,5.056330436054687e-16,2.392627309274786e-15
74,27,-3.290462613019093e-15,-1.0712643831678867e-15
74,28,1.93271109646141e-15,-2.3502609895450034e-15
74,29,-1.7095014145017951e-15,4.267986188468349e-15
74,30,-3.896786521331789e-15,-1.5579318828062807e-15
74,31,1.355824692009848e-15,-1.5780807619950251e-15
74,32,-8.881761624729798e-16,3.728980457056006e-15
74,33,-3.388162116438078e-15,-4.610319566189407e-16
74,34,7.098505511528627e-16,9.777028498723228e-16
74,35,-1.6113978146481555e-15,-7.898948129306631e-16
74,36,3.589520572464072e-16,2.379841356763909e-16
74,37,-3.5778325724258525e-15,4.953233077605107e-16
74,38,2.420073671762618e-16,-6.591572980138929e-16
74,39,5.101585573518721e-16,1.467374299928302e-15
74,40,-1.2492726669684898e-15,-1.971882738959627e-16
74,41,1.6523755943673672e-16,-1.4740531506006856e-15
74,42,-4.094013422757081e-16,3.9535847459256464e-16
74,43,3.90571251176046e-17,-4.85158902079966e-16
74,44,6.83163715201986e-18,1.1414626591844323e-15
74,45,-9.285578160113024e-16,-7.539498294006283e-16
74,46,1.0498467913917809e-15,-3.4844351474563536e-16
74,47,-5.015724812636321e-16,5.823436837775654e-16
74,48,6.654259243098695e-16,-9.492892481782224e-16
74,49,-2.0798273744284213e-16,-5.0180840391993e-16
74,50,9.639542095536123e-16,-6.727673248766267e-16
74,51,2.465505023505301e-16,1.7126562891625305e-15
74,52,-3.542819337598079e-16,-1.3312269271326126e-15
74,53,2.092043295486952e-15,-1.884404300049019e-15
74,54,3.785159171932404e-16,1.0612517365195778e-15
74,55,-1.1711877591292068e-15,-7.315697230530494e-16
74,56,2.028444032163479e-15,-1.1319877744294937e-15
74,57,1.3878689973022154e-15,1.5369391421821696e-15
74,58,-1.4627434958046224e-16,-5.470072725853615e-17
74,59,7.098762459877479e-16,-2.6453546462966977e-16
74,60,6.523118806722724e-16,3.171649074026452e-17
74,61,8.3419010045917585e-16,4.263924156457333e-16
74,62,-5.894729516047704e-17,4.442936484948075e-16
74,63,2.8685299765542184e-16,-9.097777362211695e-16
74,64,1.4811595116575891e-15,5.375561661527561e-16
74,65,-3.469987922563359e-16,6.881604056991182e-16
74,66,6.719624002326172e-16,1.1217209995101952e-17
74,67,5.360773069083323e-16,-3.4838284140600024e-16
74,68,7.568745016401447e-16,-4.2630835276721536e-16
74,69,-4.2182391885611003e-16,2.1956537663568347e-17
74,70,-1.177325623600764e-16,-1.8440632822307478e-16
74,71,6.434496743835101e-17,5.607085043289037e-16
74,72,4.314835429385992e-16,2.257332414254501e-17
74,73,-1.774248526775516e-16,-8.117139915006573e-16
74,74,5.504647919591569e-16,-1.8632836561111364e-16
75,0,5.741373499770986e-15,0.0
75,1,4.6170017786244156e-14,3.465997527024036e-15
75,2,-3.526003807776838e-15,-1.3531259960629676e-14
75,3,1.5510143635740004e-14,-1.5184740644489836e-14
75,4,-1.1916558558951475e-16,6.379371100378079e-15
75,5,4.067273836782581e-15,3.520872185386619e-15
75,6,-1.520912392884465e-15,-1.2875747937321732e-15
75,7,1.7308780813740559e-15,1.0602937839642754e-15
75,8,2.5446133815174977e-15,8.118745352368578e-15
75,9,-3.4289317076350553e-15,7.598955657625241e-16
75,10,9.732046070140044e-15,-3.275663367955719e-15
75,11,8.477386708605569e-16,9.006667713814787e-15
75,12,-1.69179864993744e-15,-2.820050213221734e-15
75,13,5.512335237993186e-15,-4.583697356203274e-17
75,14,-9.61956043174918e-16,4.66931560295046e-15
75,15,8.580988251433214e-17,-4.3532703792219166e-16
75,16,-1.2340908443483222e-15,2.9170665736113517e-15
75,17,4.744878723534455e-17,4.129206631753573e-16
75,18,1.7031608074371744e-15,2.7657736630243985e-15
75,19,-3.075138116949678e-15,5.0790993918677214e-15
75,20,-1.175921633879994e-17,-3.34009442393751e-15
75,21,3.836528757979087e-15,4.711599013079068e-15
75,22,-4.66612818776419e-15,1.5400073450945373e-15
75,23,7.199475783817036e-16,-2.352082022810923e-15
75,24,-6.055962870815423e-17,2.383631616669546e-15
75,25,-1.2897856273885742e-15,1.2161447808131894e-15
75,26,4.990613992258856e-16,2.361530655271886e-15
75,27,-3.2476969148303737e-15,-1.0573413046592244e-15
75,28,1.9075919113625643e-15,-2.3197149648778574e-15
75,29,-1.687283255493845e-15,4.212515748388743e-15
75,30,-3.846140513193668e-15,-1.5376836525315883e-15
75,31,1.3382032215983954e-15,-1.557570659458719e-15
75,32,-8.766326568417507e-16,3.680515401672268e-15
75,33,-3.344126630998206e-15,-4.550399865433317e-16
75,34,7.006247194082359e-16,9.649957779759711e-16
75,35,-1.5904546948781437e-15,-7.796286567260699e-16
75,36,3.542868058365652e-16,2.3489108800589887e-16
75,37,-3.531331965685409e-15,4.888856576253255e-16
75,38,2.3886203010932254e-16,-6.505903196339473e-16
75,39,5.035280954813192e-16,1.4483030343280405e-15
75,40,-1.2330360388361398e-15,-1.9462544453135494e-16
75,41,1.6308998919285895e-16,-1.4548950808802458e-15
75,42,-4.040804083217571e-16,3.902200538933351e-16
75,43,3.854950493730236e-17,-4.788533573526593e-16
75,44,6.74284728660028e-18,1.1266272231629954e-15
75,45,-9.16489475482771e-16,-7.441508452924333e-16
75,46,1.0362020744308846e-15,-3.43914841443447e-16
75,47,-4.950536114644076e-16,5.747750415678039e-16
75,48,6.567774734405629e-16,-9.369514640256963e-16
75,49,-2.0527961389335942e-16,-4.95286467865804e-16
75,50,9.514258268786633e-16,-6.640234588156452e-16
75,51,2.43346118769303e-16,1.6903971266746956e-15
75,52,-3.496773793141987e-16,-1.3139251505492238e-15
75,53,2.0648532913159456e-15,-1.859912951859082e-15
75,54,3.735963969378621e-16,1.0474587910271479e-15
75,55,-1.1559659899983044e-15,-7.220616101645136e-16
75,56,2.0020806190285035e-15,-1.1172754822055883e-15
75,57,1.3698310513826144e-15,1.5169637517221987e-15
75,58,-1.4437324161401442e-16,-5.39897892939514e-17
75,59,7.006500802908222e-16,-2.610973329226558e-16
75,60,6.438338712570095e-16,3.1304275793576844e-17
75,61,8.233482443848647e-16,4.2085065100591767e-16
75,62,-5.818116512639004e-17,4.385192239492995e-16
75,63,2.8312480798576154e-16,-8.979534778533309e-16
75,64,1.4619090815222407e-15,5.305696212607961e-16
75,65,-3.424888958172243e-16,6.792164778455958e-16
75,66,6.63228995668525e-16,1.107142143173339e-17
75,67,5.2910998255024515e-16,-3.438549566670129e-16
75,68,7.470375059618436e-16,-4.2076768068127877e-16
75,69,-4.163415303520718e-16,2.1671171508890216e-17
75,70,-1.1620240814742725e-16,-1.8200962408011474e-16
75,71,6.35086845866499e-17,5.534210516245021e-16
75,72,4.2587560960493923e-16,2.2279941697299578e-17
75,73,-1.751188858293751e-16,-8.011642543789742e-16
75,74,5.433104754009626e-16,-1.8390668100780158e-16
75,75,-1.7299063525509876e-15,2.5483418446428473e-16
76,0,5.667714424070241e-15,0.0
76,1,4.557767854279355e-14,3.421530436661104e-15
76,2,-3.480766865534967e-15,-1.3357660367813386e-14
76,3,1.5311155911941862e-14,-1.4989927685417712e-14
76,4,-1.1763674812750122e-16,6.297526820638286e-15
76,5,4.0150926589771e-15,3.4757010794053786e-15
76,6,-1.5013998143897642e-15,-1.2710558250209977e-15
76,7,1.7086717435300229e-15,1.046690721891904e-15
76,8,2.511967209010901e-15,8.014585732979761e-15
76,9,-3.3849401540049964e-15,7.501464691386248e-16
76,10,9.607188574240818e-15,-3.233638173810096e-15
76,11,8.368625892167034e-16,8.89111647525318e-15
76,12,-1.6700936825056694e-15,-2.7838703179155174e-15
76,13,5.4416146136339765e-15,-4.524890711667198e-17
76,14,-9.496146072784662e-16,4.609410517262843e-15
76,15,8.470898276756469e-17,-4.297420002579166e-16
76,16,-1.2182580491244833e-15,2.879642004807681e-15
76,17,4.684004199154249e-17,4.076230885813253e-16
76,18,1.6813100689596026e-15,2.7302901098948263e-15
76,19,-3.0356855658561675e-15,5.013936976182326e-15
76,20,-1.1608351218020801e-17,-3.2972426101632865e-15
76,21,3.78730792916115e-15,4.651151451465146e-15
76,22,-4.6062639950887596e-15,1.5202497874967697e-15
76,23,7.107109953273697e-16,-2.3219059355419966e-15
76,24,-5.978267763963364e-17,2.353050763202696e-15
76,25,-1.2732382947391066e-15,1.2005422250002715e-15
76,26,4.926586801924757e-16,2.3312333465680993e-15
76,27,-3.2060305169010093e-15,-1.0437761214840618e-15
76,28,1.8831184196082327e-15,-2.2899541314799075e-15
76,29,-1.6656362184129135e-15,4.1584711863316805e-15
76,30,-3.79679637015397e-15,-1.5179559067978993e-15
76,31,1.321034714375058e-15,-1.5375877729388112e-15
76,32,-8.653858791787704e-16,3.6332961495890595e-15
76,33,-3.3012230859361407e-15,-4.492020411776456e-16
76,34,6.916360393917271e-16,9.526153437360341e-16
76,35,-1.5700499219133979e-15,-7.696263939841413e-16
76,36,3.497414755855492e-16,2.3187754770347004e-16
76,37,-3.486026665726217e-15,4.826134884892349e-16
76,38,2.3579754451914836e-16,-6.422435570333256e-16
76,39,4.970680708715303e-16,1.4297219991720028e-15
76,40,-1.2172167762624716e-15,-1.9212849317422793e-16
76,41,1.6099762264320501e-16,-1.4362294729201516e-15
76,42,-3.988962499688913e-16,3.852137172578899e-16
76,43,3.805493322854377e-17,-4.727098978302641e-16
76,44,6.656339781254728e-18,1.1121731347953264e-15
76,45,-9.047313539015474e-16,-7.346037459009105e-16
76,46,1.0229080974679127e-15,-3.3950257853431855e-16
76,47,-4.887023104309112e-16,5.674009527196511e-16
76,48,6.483513326161361e-16,-9.249308249191576e-16
76,49,-2.0264597463958265e-16,-4.889321793960611e-16
76,50,9.39219488620319e-16,-6.555043554648664e-16
76,51,2.4022410446651895e-16,1.6687101401159882e-15
76,52,-3.4519118580061353e-16,-1.29706811936439e-15
76,53,2.0383622112804734e-15,-1.8360511583486527e-15
76,54,3.688033338694745e-16,1.0340203957747302e-15
76,55,-1.1411354992859046e-15,-7.127979050936223e-16
76,56,1.9763948823520973e-15,-1.1029413722011356e-15
76,57,1.3522567742318512e-15,1.4975018324048352e-15
76,58,-1.4252100198291695e-16,-5.329712612252925e-17
76,59,6.916610749063209e-16,-2.577475790333156e-16
76,60,6.355737906572165e-16,3.0902656909083774e-17
76,61,8.127850802458935e-16,4.1545133846121225e-16
76,62,-5.743472860792051e-17,4.3289323206523177e-16
76,63,2.7949245212787945e-16,-8.864331642552721e-16
76,64,1.4431534872889534e-15,5.237626668101714e-16
76,65,-3.380949271084002e-16,6.705024553280192e-16
76,66,6.547200848999039e-16,1.0929380390615368e-17
76,67,5.223217545660802e-16,-3.394434620509211e-16
76,68,7.374533720947239e-16,-4.1536943260615084e-16
76,69,-4.1100006766848394e-16,2.1393140744516352e-17
76,70,-1.1471158683460347e-16,-1.7967452766478554e-16
76,71,6.269389854184557e-17,5.463209242529556e-16
76,72,4.204118292450232e-16,2.1994100702604662e-17
76,73,-1.728721942897199e-16,-7.908857002203942e-16
76,74,5.363400618861192e-16,-1.8154724625951937e-16
76,75,-1.7077124815229428e-15,2.5156478377378077e-16
76,76,6.434190064312604e-16,-1.1798480032455763e-15
77,0,5.5959245145786e-15,0.0
77,1,4.5000370447747283e-14,3.3781917392617393e-15
77,2,-3.436677851950051e-15,-1.3188466022954926e-14
77,3,1.5117217683074407e-14,-1.4800058282814756e-14
77,4,-1.1614670631009796e-16,6.2177594141234505e-15
77,5,3.964235626137834e-15,3.4316762314259494e-15
77,6,-1.4823823853661608e-15,-1.254956040203055e-15
77,7,1.6870289117567782e-15,1.0334328499230482e-15
77,8,2.4801494628988173e-15,7.913069258906881e-15
77,9,-3.342064926160308e-15,7.406447647308961e-16
77,10,9.485499451146545e-15,-3.192679407284977e-15
77,11,8.262624980614996e-16,8.778497454731027e-15
77,12,-1.6489394984133205e-15,-2.748608520441943e-15
77,13,5.372688589601765e-15,-4.467576339356803e-17
77,14,-9.37586346570951e-16,4.551025577746699e-15
77,15,8.36360193556846e-17,-4.242986880168745e-16
77,16,-1.2028270255159752e-15,2.8431671185615584e-15
77,17,4.624674421336286e-17,4.0245994477300665e-16
77,18,1.6600138128946555e-15,2.6957069842802318e-15
77,19,-2.9972341592199475e-15,4.950428116210792e-15
77,20,-1.1461314437241994e-17,-3.2554782002363634e-15
77,21,3.7393361237545894e-15,4.5922378018439634e-15
77,22,-4.5479189108873314e-15,1.500993595938215e-15
77,23,7.017087989900629e-16,-2.2924955940024247e-15
77,24,-5.902544241290972e-17,2.323245926776544e-15
77,25,-1.257110865743669e-15,1.1853355982676974e-15
77,26,4.864184359926118e-16,2.301704859698108e-15
77,27,-3.165421441811006e-15,-1.0305551672008598e-15
77,28,1.8592659650223803e-15,-2.260948506365703e-15
77,29,-1.6445384946359294e-15,4.105798054315273e-15
77,30,-3.748704379736464e-15,-1.4987287706001895e-15
77,31,1.304301873676956e-15,-1.5181119703849734e-15
77,32,-8.544244987539302e-16,3.5872751290825235e-15
77,33,-3.2594082574499738e-15,-4.4351223899871993e-16
77,34,6.828754553266197e-16,9.40549074303559e-16
77,35,-1.5501629386679407e-15,-7.59877947779468e-16
77,36,3.453114872341374e-16,2.289404787339962e-16
77,37,-3.4418710290633857e-15,4.765004813640089e-16
77,38,2.3281082304505825e-16,-6.341086011443694e-16
77,39,4.9077197527654e-16,1.4116124747254526e-15
77,40,-1.2017989419007968e-15,-1.8969490423453716e-16
77,41,1.5895835180259255e-16,-1.418037521781562e-15
77,42,-3.9384364436120503e-16,3.8033442097940474e-16
77,43,3.757291172785114e-17,-4.667223341949272e-16
77,44,6.572027482735863e-18,1.098085832099392e-15
77,45,-8.93271605376639e-16,-7.252989128616033e-16
77,46,1.009951467291978e-15,-3.352022808196616e-16
77,47,-4.825121794523297e-16,5.602139880997996e-16
77,48,6.401390127981819e-16,-9.13215220490505e-16
77,49,-2.000791663832532e-16,-4.827391367901518e-16
77,50,9.273228973251603e-16,-6.472014321294305e-16
77,51,2.371813141233567e-16,1.6475734806156531e-15
77,52,-3.4081883353799866e-16,-1.2806388507163076e-15
77,53,2.0125433665557745e-15,-1.8127948796060104e-15
77,54,3.641318991468176e-16,1.0209230120551267e-15
77,55,-1.1266813457979452e-15,-7.037692749856583e-16
77,56,1.9513609446644068e-15,-1.0889710033080531e-15
77,57,1.3351284603882177e-15,1.478533777035753e-15
77,58,-1.407157646213521e-16,-5.262203991066024e-17
77,59,6.829001737297304e-16,-2.544828282032618e-16
77,60,6.275233171342803e-16,3.051122946998547e-17
77,61,8.02489966028564e-16,4.101890383954844e-16
77,62,-5.670723359671659e-17,4.274100048550667e-16
77,63,2.7595227061191523e-16,-8.752051891191194e-16
77,64,1.4248738333609037e-15,5.171284450353912e-16
77,65,-3.338124593620341e-16,6.620095590773726e-16
77,66,6.464270955005599e-16,1.0790943770430379e-17
77,67,5.157057840565983e-16,-3.3514391313316446e-16
77,68,7.281124443634064e-16,-4.1010816999811433e-16
77,69,-4.0579414947089953e-16,2.1122165264300143e-17
77,70,-1.1325859647194074e-16,-1.7739868645016325e-16
77,71,6.18997884358595e-17,5.394009690874405e-16
77,72,4.1508669729367817e-16,2.1715513183783254e-17
77,73,-1.706825145964428e-16,-7.808679737456929e-16
77,74,5.295465289699187e-16,-1.792476843193347e-16
77,75,-1.6860818002088628e-15,2.483783471068757e-16
77,76,6.352691617530012e-16,-1.1649034991599125e-15
77,77,-2.5325601324764117e-16,1.6591170916062269e-15
78,0,5.525933305060987e-15,0.0
78,1,4.443752683751397e-14,3.3359388952147277e-15
78,2,-3.393693490929146e-15,-1.3023510851343204e-14
78,3,1.4928138586774428e-14,-1.4614946068122314e-14
78,4,-1.14693997569129e-16,6.1399905841919056e-15
78,5,3.9146528189424634e-15,3.388754428337897e-15
78,6,-1.4638414390311842e-15,-1.2392596363440654e-15
78,7,1.6659283422767178e-15,1.0205071546366106e-15
78,8,2.4491289120960837e-15,7.814096285453674e-15
78,9,-3.3002639394138012e-15,7.3138112602895285e-16
78,10,9.36685925545863e-15,-3.152746864818457e-15
78,11,8.159279927500526e-16,8.668700109716236e-15
78,12,-1.628315333520702e-15,-2.714230209166485e-15
78,13,5.3054895107421345e-15,-4.411697981671808e-17
78,14,-9.25859454570757e-16,4.494103475973838e-15
78,15,8.258993909875967e-17,-4.189917582515301e-16
78,16,-1.1877826270189959e-15,2.8076061125168195e-15
78,17,4.566831154235163e-17,3.9742616380550626e-16
78,18,1.639251135650216e-15,2.6619903407044812e-15
78,19,-2.959746154607879e-15,4.8885104740801804e-15
78,20,-1.1317961670771617e-17,-3.2147601998060224e-15
78,21,3.6925662544662084e-15,4.5348002368256705e-15
78,22,-4.491035665852172e-15,1.482219869276211e-15
78,23,6.929321531574547e-16,-2.2638221301234873e-15
78,24,-5.828717975478612e-17,2.2941878521012453e-15
78,25,-1.2413875103335112e-15,1.1705099743710735e-15
78,26,4.803345414407653e-16,2.272916210626245e-15
78,27,-3.125829829242225e-15,-1.0176654646255122e-15
78,28,1.836011134945987e-15,-2.2326696187207194e-15
78,29,-1.6239693754424923e-15,4.054444650403564e-15
78,30,-3.701817336678935e-15,-1.4799833713154293e-15
78,31,1.2879882751863206e-15,-1.4991241350927719e-15
78,32,-8.437377562945796e-16,3.542407167675463e-15
78,33,-3.218641101700054e-15,-4.379649951139044e-16
78,34,6.743343681579697e-16,9.287851258890162e-16
78,35,-1.5307742248380656e-15,-7.503737494093347e-16
78,36,3.409924924748482e-16,2.260769981826792e-16
78,37,-3.398821714209302e-15,4.705406359551751e-16
78,38,2.298989340352506e-16,-6.261774670048735e-16
78,39,4.846336286892219e-16,1.393956685370398e-15
78,40,-1.1867674021933747e-15,-1.8732228899426478e-16
78,41,1.5697017500059944e-16,-1.400301370939591e-15
78,42,-3.8891763205388185e-16,3.7557737572688593e-16
78,43,3.710296730131721e-17,-4.608847892827177e-16
78,44,6.489827633309495e-18,1.0843514875165508e-15
78,45,-8.820989814562895e-16,-7.162272129055476e-16
78,46,9.973194661694296e-16,-3.3100972729137344e-16
78,47,-4.764771425323595e-16,5.532070932580911e-16
78,48,6.321324530870151e-16,-9.017931511495934e-16
78,49,-1.9757666964335673e-16,-4.767012611938303e-16
78,50,9.157243757532423e-16,-6.39106538976698e-16
78,51,2.34214761052953e-16,1.6269664012354701e-15
78,52,-3.365560307922574e-16,-1.2646212182619444e-15
78,53,1.987371414349322e-15,-1.7901212881555877e-15
78,54,3.5957750746786725e-16,1.0081537839763801e-15
78,55,-1.1125893418890488e-15,-6.949668576819129e-16
78,56,1.9269542336076943e-15,-1.0753506627454571e-15
78,57,1.3184292973525997e-15,1.4600409672957757e-15
78,58,-1.3895575757722817e-16,-5.1963868019485507e-17
78,59,6.743587773948423e-16,-2.512998758776887e-16
78,60,6.196745486506617e-16,3.012960926604772e-17
78,61,7.92452796441705e-16,4.0505858553584134e-16
78,62,-5.599796601144237e-17,4.2206416019225895e-16
78,63,2.725007885308146e-16,-8.6425853149302885e-16
78,64,1.4070521771274944e-15,5.106604440375766e-16
78,65,-3.2963728907123946e-16,6.537294527908538e-16
78,66,6.383418873886258e-16,1.0655975687075908e-17
78,67,5.09255577037666e-16,-3.309520896406307e-16
78,68,7.190055540697551e-16,-4.049787286026054e-16
78,69,-4.0071866582871566e-16,2.0857979089052816e-17
78,70,-1.1184201085955684e-16,-1.7517986655737602e-16
78,71,6.112557480052128e-17,5.326543937640875e-16
78,72,4.0989498680463063e-16,2.1443905689960023e-17
78,73,-1.6854769744353266e-16,-7.711012419369196e-16
78,74,5.229232083797464e-16,-1.7700573802501693e-16
78,75,-1.6649930767575708e-15,2.4527174677895744e-16
78,76,6.273235118636047e-16,-1.1503334304134362e-15
78,77,-2.5008840535038813e-16,1.6383656301327318e-15
78,78,-7.335668174816772e-16,-1.847777574918546e-15
79,0,5.4576738382344176e-15,0.0
79,1,4.388860926620669e-14,3.2947314832206626e-15
79,2,-3.351772661365122e-15,-1.2862637048159848e-14
79,3,1.4743737740004684e-14,-1.4434413953231345e-14
79,4,-1.1327723216678396e-16,6.064145933078717e-15
79,5,3.866296803862185e-15,3.3468946088803096e-15
79,6,-1.4457592381375552e-15,-1.223951597436129e-15
79,7,1.6453498491720448e-15,1.0079012706306642e-15
79,8,2.4188758807075025e-15,7.717572129853019e-15
79,9,-3.2594972047365977e-15,7.223466909473658e-16
79,10,9.251154489707739e-15,-3.113802344834014e-15
79,11,8.058491867494476e-16,8.561619402276874e-15
79,12,-1.6082014576637755e-15,-2.6807024959831592e-15
79,13,5.2399530908715695e-15,-4.3572021824277296e-17
79,14,-9.144227127144162e-16,4.4385897572591275e-15
79,15,8.156974126123656e-17,-4.138161340729352e-16
79,16,-1.1731104613683676e-15,2.7729249671392784e-15
79,17,4.5104190619304004e-17,3.925169300984242e-16
79,18,1.6190021745540237e-15,2.6291079240478143e-15
79,19,-2.9231856890172983e-15,4.828124816107941e-15
79,20,-1.117815577979156e-17,-3.1750496558852225e-15
79,21,3.6469535787719865e-15,4.4787838086058034e-15
79,22,-4.435559842470551e-15,1.4639106475735386e-15
79,23,6.843726616271832e-16,-2.2358581133571443e-15
79,24,-5.756718340426154e-17,2.2658487406897845e-15
79,25,-1.2260531867174586e-15,1.156051170336545e-15
79,26,4.744011763624893e-16,2.244839858612238e-15
79,27,-3.0872178037696686e-15,-1.0050946827886177e-15
79,28,1.813331682581935e-15,-2.2050904154693557e-15
79,29,-1.6039091833281833e-15,4.0043618472215356e-15
79,30,-3.656090386362754e-15,-1.461701776105864e-15
79,31,1.2720783124543108e-15,-1.4806061022973784e-15
79,32,-8.33315428299168e-16,3.4986493423092592e-15
79,33,-3.178882618674768e-15,-4.325550027370879e-16
79,34,6.660046070312587e-16,9.173122444788173e-16
79,35,-1.5118652321573895e-15,-7.411047066562445e-16
79,36,3.367803595294725e-16,2.232843666929782e-16
79,37,-3.3568375379185723e-15,4.647282507602399e-16
79,38,2.2705909182309966e-16,-6.184425672735615e-16
79,39,4.786471588434395e-16,1.3767377406474185e-15
79,40,-1.172107777176424e-15,-1.8500837768451905e-16
79,41,1.5503119024242273e-16,-1.38300405305678e-15
79,42,-3.841135005637069e-16,3.70938030659916e-16
79,43,3.6644650375314495e-17,-4.551916785902485e-16
79,44,6.409661596263712e-18,1.070956962048303e-15
79,45,-8.71202793819113e-16,-7.073799675660432e-16
79,46,9.85000009661669e-16,-3.2692090713159627e-16
79,47,-4.705914262363413e-16,5.46373565029314e-16
79,48,6.243239939852787e-16,-8.906536899423894e-16
79,49,-1.9513609039950787e-16,-4.708127764568099e-16
79,50,9.044128281470195e-16,-6.312119320048821e-16
79,51,2.313216072941581e-16,1.6068691881563029e-15
79,52,-3.323986995414249e-16,-1.2489998986891822e-15
79,53,1.9628222738438425e-15,-1.7680086932437956e-15
79,54,3.5513580186130405e-16,9.957004958213475e-16
79,55,-1.0988460064049386e-15,-6.863822323256753e-16
79,56,1.9031514004347356e-15,-1.0620673205771078e-15
79,57,1.3021433098247744e-15,1.4420057119876302e-15
79,58,-1.3723929713496826e-16,-5.132198080705612e-17
79,59,6.660287147513734e-16,-2.4819567707650447e-16
79,60,6.120199766604154e-16,2.9757431219253396e-17
79,61,7.826639693994398e-16,4.000550718204517e-16
79,62,-5.530624732931266e-17,4.168505839598166e-16
79,63,2.6913470401475694e-16,-8.535827192268912e-16
79,64,1.3896714694522997e-15,5.043524761857931e-16
79,65,-3.255654220478805e-16,6.456542152820224e-16
79,66,6.304567258275358e-16,1.0524347022963996e-17
79,67,5.029649629010075e-16,-3.2686398145385277e-16
79,68,7.101239890821367e-16,-3.9997620132541253e-16
79,69,-3.95768761266554e-16,2.0600329484343592e-17
79,70,-1.1046047481693163e-16,-1.7301594534627406e-16
79,71,6.037051698222841e-17,5.260747441530675e-16
79,72,4.0483173111376973e-16,2.117901838707938e-17
79,73,-1.6646570055229176e-16,-7.615761614232417e-16
79,74,5.164637638977528e-16,-1.7481926261248063e-16
79,75,-1.6444261365838064e-15,2.4224201085228246e-16
79,76,6.195744555352623e-16,-1.1361238585098292e-15
79,77,-2.469991713212532e-16,1.6181276073036446e-15
79,78,-7.24505383497828e-16,-1.824952776804802e-15
79,79,9.246498520835488e-17,-7.545302996875445e-16
80,0,5.391082449445711e-15,0.0
80,1,4.335310576605853e-14,3.254531069700804e-15
80,2,-3.3108762642846165e-15,-1.2705694568651192e-14
80,3,1.4563843154665927e-14,-1.4258293558354886e-14
80,4,-1.1189508870572158e-16,5.990154721535058e-15
80,5,3.819122479915811e-15,3.3060577309831e-15
80,6,-1.4281189176685646e-15,-1.209017645884749e-15
80,7,1.6252742391691026e-15,9.95603440572921e-16
80,8,2.3893621521524214e-15,7.623406765370523e-15
80,9,-3.2197266995635487e-15,7.135330331944737e-16
80,10,9.138277237671767e-15,-3.0758095243207405e-15
80,11,7.960166796978251e-16,8.457155459729808e-15
80,12,-1.5885791109109147e-15,-2.6479941100612514e-15
80,13,5.1760182050848266e-15,-4.304038114152277e-17
80,14,-9.03265454112226e-16,4.384432644730975e-15
80,15,8.057447431881362e-17,-4.0876698824856597e-16
80,16,-1.158796844039716e-15,2.7390913358080924e-15
80,17,4.4553855296498844e-17,3.8772766487791595e-16
80,18,1.5992480436823326e-15,2.597029065338593e-15
80,19,-2.8875186630115987e-15,4.7692148214326534e-15
80,20,-1.1041766369296183e-17,-3.1363095310032086e-15
80,21,3.602455554365139e-15,4.424136271442623e-15
80,22,-4.3814396992153285e-15,1.4460488540743446e-15
80,23,6.760223410808163e-16,-2.2085774620547726e-15
80,24,-5.686478183077651e-17,2.2382021610479922e-15
80,25,-1.211093592785633e-15,1.1419457006391427e-15
80,26,4.686128067908855e-16,2.217449617233946e-15
80,27,-3.049549352495426e-15,-9.928310970971922e-16
80,28,1.7912064551211537e-15,-2.17818517387319e-15
80,29,-1.584339208431454e-15,3.955502933236808e-15
80,30,-3.611480879898788e-15,-1.4438669339824847e-15
80,31,1.2565571464804698e-15,-1.4625406004877444e-15
80,32,-8.231477940076602e-16,3.4559608406701733e-15
80,33,-3.140095726191227e-15,-4.272772160437952e-16
80,34,6.578784028943995e-16,9.061197294764017e-16
80,35,-1.4934183244720284e-15,-7.32062174413231e-16
80,36,3.326711598003288e-16,2.205599796164316e-16
80,37,-3.3158793421352247e-15,4.590579046485562e-16
80,38,2.2428864772736124e-16,-6.108966877172774e-16
80,39,4.728069822422184e-16,1.3599395806868013e-15
80,40,-1.1578063940220448e-15,-1.8275101215247707e-16
80,41,1.531395890640077e-16,-1.366129435165863e-15
80,42,-3.794267691442083e-16,3.664120587260229e-16
80,43,3.6197533484035005e-17,-4.496376922325381e-16
80,44,6.331454601853266e-18,1.0578897628074628e-15
80,45,-8.605728797427923e-16,-6.987489251406916e-16
80,46,9.729816075833433e-16,-3.2293200675476477e-16
80,47,-4.648495410387323e-16,5.397070298769478e-16
80,48,6.167063526520177e-16,-8.797864472487079e-16
80,49,-1.9275515235746732e-16,-4.650681904714613e-16
80,50,8.933777043837211e-16,-6.235102480241102e-16
80,51,2.2849915444279147e-16,1.587263096987666e-15
80,52,-3.2834296230059626e-16,-1.233760322211015e-15
80,53,1.9388730483981987e-15,-1.7464364707616076e-15
80,54,3.508026396102257e-16,9.83551532581764e-16
80,55,-1.0854385211281892e-15,-6.780073921565446e-16
80,56,1.879930244574839e-15,-1.0491085876149324e-15
80,57,1.2862553080911996e-15,1.4244111898801002e-15
80,58,-1.3556478237584518e-16,-5.069577959411687e-17
80,59,6.57902216466016e-16,-2.4516733655675944e-16
80,60,6.045524618509497e-16,2.9394348204326375e-17
80,61,7.731143549992412e-16,3.9517383054182154e-16
80,62,-5.463143239395513e-17,4.117644135278643e-16
80,63,2.658508775636369e-16,-8.431677951394255e-16
80,64,1.3727154995915562e-15,4.981986581263578e-16
80,65,-3.2159306051834596e-16,6.37776314889422e-16
80,66,6.227642564370202e-16,1.0395935009874519e-17
80,67,4.968280744785082e-16,-3.228757756513126e-16
80,68,7.014594656886953e-16,-3.9509592237907906e-16
80,69,-3.9093981907743046e-16,2.0348976143977772e-17
80,70,-1.0911269980465661e-16,-1.7090490455770862e-16
80,71,5.963391074907921e-17,5.196558835069083e-16
80,72,3.9989220779309375e-16,2.092060421844643e-17
80,73,-1.6443458207324243e-16,-7.522838482948426e-16
80,74,5.101621708901135e-16,-1.7268621878658783e-16
80,75,-1.62436179718917e-15,2.3928631353438613e-16
80,76,6.120147653311574e-16,-1.122261530379457e-15
80,77,-2.4398542987472093e-16,1.5983841473971883e-15
80,78,-7.156653866233314e-16,-1.8026857554540807e-15
80,79,9.133678078246646e-17,-7.453239561007671e-16
80,80,-6.862174270255757e-16,3.0053237372107024e-16
81,0,5.326098566160373e-15,0.0
81,1,4.283052923498579e-14,3.215301087750947e-15
81,2,-3.2709670997062508e-15,-1.2552540655563984e-14
81,3,1.4388291195922262e-14,-1.4086424681717785e-14
81,4,-1.1054630996734358e-16,5.917949646035726e-15
81,5,3.773086936624727e-15,3.2662066488044396e-15
81,6,-1.410904431721888e-15,-1.1944441975417049e-15
81,7,1.6056832511893712e-15,9.836024781711451e-16
81,8,2.3605608802969257e-15,7.531514537766319e-15
81,9,-3.1809162480415845e-15,7.0493213573387e-16
81,10,9.028124824494895e-15,-3.0387338444344235e-15
81,11,7.864215277980458e-16,8.355213260092785e-15
81,12,-1.5694304444787078e-15,-2.6160752993581845e-15
81,13,5.113626697242723e-15,-4.2521574180047947e-17
81,14,-8.923775299529986e-16,4.331582876260653e-15
81,15,7.960323296162577e-17,-4.038397279990079e-16
81,16,-1.1448287551502134e-15,2.706074442940439e-15
81,17,4.401680498060223e-17,3.830540117558952e-16
81,18,1.5799707743789028e-15,2.565724585161714e-15
81,19,-2.85271263332443e-15,4.711726904632095e-15
81,20,-1.0908669377414694e-17,-3.09850458655641e-15
81,21,3.5590317051695935e-15,4.3708079171097344e-15
81,22,-4.328626007585583e-15,1.4286182414210868e-15
81,23,6.678735959404794e-16,-2.181955361323304e-15
81,24,-5.617933611923534e-17,2.211222965428847e-15
81,25,-1.1964951210651171e-15,1.1281807347302727e-15
81,26,4.629641675374374e-16,2.1907205719135085e-15
81,27,-3.0127902116264495e-15,-9.808635524081936e-16
81,28,1.7696153271220806e-15,-2.151929420517501e-15
81,29,-1.5652416496071254e-15,3.907823465642188e-15
81,30,-3.567948239805201e-15,-1.4264626221031284e-15
81,31,1.2414106589774565e-15,-1.4449111970101673e-15
81,32,-8.132256047861102e-16,3.4143028326514125e-15
81,33,-3.1022451431053422e-15,-4.221268342794189e-16
81,34,6.499483640291936e-16,8.951974000008266e-16
81,35,-1.4754167221957261e-15,-7.232379274561896e-16
81,36,3.286611554971883e-16,2.179013588093459e-16
81,37,-3.275909870664846e-15,4.535244397875318e-16
81,38,2.2158508171018045e-16,-6.035329644898389e-16
81,39,4.671077865725844e-16,1.3435469256281592e-15
81,40,-1.143850243975799e-15,-1.8054813906430625e-16
81,41,1.5129365083631034e-16,-1.3496621678591626e-15
81,42,-3.7485317467359597e-16,3.6199534303267627e-16
81,43,3.576120992319139e-17,-4.442177782195865e-16
81,44,6.2551355118130915e-18,1.0451380036719478e-15
81,45,-8.501995700966965e-16,-6.903262347027505e-16
81,46,9.612533278141335e-16,-3.1903939779676056e-16
81,47,-4.592462640339057e-16,5.33201423819781e-16
81,48,6.092725999654518e-16,-8.691815380602181e-16
81,49,-1.9043168977997825e-16,-4.5946227787548e-16
81,50,8.826089667478566e-16,-6.159944814661388e-16
81,51,2.2574483515304746e-16,1.5681302937324725e-15
81,52,-3.243851299098307e-16,-1.2188886266781661e-15
81,53,1.915501953434672e-15,-1.7253849982891547e-15
81,54,3.465740792047058e-16,9.716958433769029e-16
81,55,-1.0723546904073927e-15,-6.698347192932261e-16
81,56,1.8572696437133943e-15,-1.0364626763994168e-15
81,57,1.2707508401851782e-15,1.407241396729744e-15
81,58,-1.339306901359055e-16,-5.008469477857263e-17
81,59,6.499718905530098e-16,-2.422120996941105e-16
81,60,5.972652116578414e-16,2.904002995546432e-17
81,61,7.637952667674046e-16,3.9041042164905085e-16
81,62,-5.397290738349742e-17,4.068010224388444e-16
81,63,2.6264632215924375e-16,-8.330042856581469e-16
81,64,1.3561688441386046e-15,4.921933922532817e-16
81,65,-3.1771659116250304e-16,6.300885857556951e-16
81,66,6.15257482030566e-16,1.0270622842298022e-17
81,67,4.90839329563633e-16,-3.189838445006872e-16
81,68,6.930041025078935e-16,-3.9033345258805684e-16
81,69,-3.862274467824879e-16,2.0103690433155013e-17
81,70,-1.0779745986619435e-16,-1.688448239570471e-16
81,71,5.89150860729022e-17,5.133919731328749e-16
81,72,3.950719237774756e-16,2.0668428126624636e-17
81,73,-1.6245249447029366e-16,-7.432158501231464e-16
81,74,5.040126973325116e-16,-1.7060466629841027e-16
81,75,-1.604781807747058e-15,2.364019662782806e-16
81,76,6.046375648427337e-16,-1.1087338366389724e-15
81,77,-2.410444396659861e-16,1.5791172914635951e-15
81,78,-7.070387858633173e-16,-1.780956256446954e-15
81,79,9.023581103145912e-17,-7.363398521796708e-16
81,80,-6.77945790743927e-16,2.9690976900661933e-16
81,81,-4.516998788071552e-16,-1.0601730275684014e-15
82,0,5.262664521974778e-15,0.0
82,1,4.232041594094227e-14,3.1770067248628377e-15
82,2,-3.2320097524181824e-15,-1.2403039400809595e-14
82,3,1.4216926079760823e-14,-1.3918654807657548e-14
82,4,-1.0922969905150801e-16,5.84746663212384e-15
82,5,3.728149322256376e-15,3.2273059986745436e-15
82,6,-1.3941005042406851e-15,-1.1802183199949605e-15
82,7,1.5865595002788722e-15,9.718877338256704e-16
82,8,2.332446507022852e-15,7.441813902293939e-15
82,9,-3.1430314099518513e-15,6.965363661681136e-16
82,10,8.920599501424704e-15,-3.0025424043846996e-15
82,11,7.770552163557836e-16,8.255702340319687e-15
82,12,-1.5507384659273138e-15,-2.584917739265946e-15
82,13,5.0527232014038585e-15,-4.2015140552905604e-17
82,14,-8.817492783421617e-16,4.27999355320305e-15
82,15,7.865515531449274e-17,-3.9902998089583794e-16
82,16,-1.1311937994810601e-15,2.6738449894951676e-15
82,17,4.3492563095596873e-17,3.7849182335375495e-16
82,18,1.5611532600822886e-15,2.53516670406329e-15
82,19,-2.818736713242733e-15,4.655610051189341e-15
82,20,-1.0778746694479477e-17,-3.0616012746083957e-15
82,21,3.516643497058301e-15,4.3187514222671e-15
82,22,-4.2770719009506306e-15,1.4116033417670643e-15
82,23,6.599191950466517e-16,-2.155968186831158e-15
82,24,-5.551023800821896e-17,2.184887212616384e-15
82,25,-1.182244816938243e-15,1.114744057641548e-15
82,26,4.574502460252623e-16,2.164629003417202e-15
82,27,-2.9769077612676657e-15,-9.691814287766823e-16
82,28,1.7485391387155465e-15,-2.1262998561657103e-15
82,29,-1.5465995597680163e-15,3.861281133894138e-15
82,30,-3.5254538354143936e-15,-1.409473395960282e-15
82,31,1.22662540902088e-15,-1.4277022476118689e-15
82,32,-8.035400557287543e-16,3.3736383511253886e-15
82,33,-3.0652972809811616e-15,-4.170992870185146e-16
82,34,6.422074533550779e-16,8.845355636263977e-16
82,35,-1.457844450788177e-15,-7.146241351883481e-16
82,36,3.2474678816039923e-16,2.1530614502366153e-16
82,37,-3.2368936547795313e-15,4.481229458055175e-16
82,38,2.1894599463932187e-16,-5.963448630566146e-16
82,39,4.615445143941197e-16,1.3275452287036585e-15
82,40,-1.1302269424133624e-15,-1.7839780360040804e-16
82,41,1.4949173748211023e-16,-1.3335876381582743e-15
82,42,-3.7038865856485684e-16,3.5768396420637936e-16
82,43,3.5335292501232486e-17,-4.3892712694425305e-16
82,44,6.1806366009284434e-18,1.0326903687884715e-15
82,45,-8.400736596528408e-16,-6.821044219948836e-16
82,46,9.498047627317057e-16,-3.1523962597402933e-16
82,47,-4.537766228992322e-16,5.268509738124712e-16
82,48,6.020161392471248e-16,-8.588295516285509e-16
82,49,-1.8816364083687558e-16,-4.539900640074257e-16
82,50,8.720970591104341e-16,-6.086579628737735e-16
82,51,2.2305620525446647e-16,1.5494538000277932e-15
82,52,-3.205216902065951e-16,-1.2043716150153944e-15
82,53,1.8926882495494728e-15,-1.7048355948451365e-15
82,54,3.424463682393975e-16,9.60122907521875e-16
82,55,-1.0595829037104426e-15,-6.618569613428464e-16
82,56,1.8351494889358585e-15,-1.0241183650062392e-15
82,57,1.2556161475121323e-15,1.3904810961399062e-15
82,58,-1.323355703290986e-16,-4.948818408652654e-17
82,59,6.422306996770666e-16,-2.3932734402475416e-16
82,60,5.901517594082832e-16,2.869416205225841e-17
82,61,7.546984349872522e-16,3.8576061811466826e-16
82,62,-5.333008792582862e-17,4.0195600620199057e-16
82,63,2.5951819409362964e-16,-8.230831717307863e-16
82,64,1.340016819666359e-15,4.863313495208355e-16
82,65,-3.139325740190073e-16,6.225842058248371e-16
82,66,6.079297411305734e-16,1.0148299318784715e-17
82,67,4.84993413771276e-16,-3.151847343199053e-16
82,68,6.84750396288751e-16,-3.8568456575822924e-16
82,69,-3.816274626439007e-16,1.9864254686446777e-17
82,70,-1.0651358786358201e-16,-1.668338754380974e-16
82,71,5.821340507193627e-17,5.072774544652795e-16
82,72,3.9036660156871765e-16,2.0422266331692577e-17
82,73,-1.605176788478863e-16,-7.343641200076572e-16
82,74,4.980098862099717e-16,-1.6857275798770026e-16
82,75,-1.5856687930635439e-15,2.3358640952727803e-16
82,76,5.974363075756992e-16,-1.0955287728742355e-15
82,77,-2.3817359087366136e-16,1.5603099421821959e-15
82,78,-6.986179260113533e-16,-1.7597449971244454e-15
82,79,8.916109895976363e-17,-7.275700154711375e-16
82,80,-6.698714296123621e-16,2.9337356193640767e-16
82,81,-4.463201154184469e-16,-1.0475463249567687e-15
82,82,6.585551113699305e-16,-3.4144156012591216e-16
83,0,5.200725383922266e-15,0.0
83,1,4.18223241331783e-14,3.1396148186709536e-15
83,2,-3.193970485919968e-15,-1.2257061338459306e-14
83,3,1.4049599406464493e-14,-1.375483864988482e-14
83,4,-1.0794411579216566e-16,5.778644642526702e-15
83,5,3.6842707214853415e-15,3.18932209319189e-15
83,6,-1.3776925832663043e-15,-1.1663276938398962e-15
83,7,1.5678864255453488e-15,9.604490627369833e-16
83,8,2.3049946856887465e-15,7.354227179497798e-15
83,9,-3.106039377571391e-15,6.883384538819447e-16
83,10,8.815608153083431e-15,-2.9672038629068703e-15
83,11,7.679096342805224e-16,8.158536525390328e-15
83,12,-1.5324869882731065e-15,-2.5544944477872213e-15
83,13,4.993254976019914e-15,-4.152064169588449e-17
83,14,-8.713714953672279e-16,4.229619999949036e-15
83,15,7.77294203558566e-17,-3.9433358176748835e-16
83,16,-1.1178801693574528e-15,2.642375065230793e-15
83,17,4.298067565557725e-17,3.740371488821893e-16
83,18,1.5427792050967198e-15,2.5053289593593608e-15
83,19,-2.7855614801101234e-15,4.600815664719296e-15
83,20,-1.0651885809322408e-17,-3.0255676374236797e-15
83,21,3.475254222454867e-15,4.267921706741569e-15
83,22,-4.226732734198255e-15,1.394989420454769e-15
83,23,6.521522500029727e-16,-2.1305934340603222e-15
83,24,-5.485690806842096e-17,2.1591720962287956e-15
83,25,-1.1683303398473252e-15,1.101624033404554e-15
83,26,4.520662672779182e-16,2.139152316823313e-15
83,27,-2.941870927734989e-15,-9.577746096522127e-16
83,28,1.7279596382266035e-15,-2.1012742859850245e-15
83,29,-1.5283967951334052e-15,3.815835633005154e-15
83,30,-3.4839608671855255e-15,-1.392884543129327e-15
83,31,1.2121885927976878e-15,-1.4108988495910635e-15
83,32,-7.940827592899096e-16,3.333932181238049e-15
83,33,-3.0292201435033884e-15,-4.1219022047772175e-16
83,34,6.346489673551407e-16,8.741249873567073e-16
83,35,-1.4406862929159792e-15,-7.062133381899336e-16
83,36,3.209246680043477e-16,2.1277209084169925e-16
83,37,-3.198796906999481e-15,4.4284874508669026e-16
83,38,2.163691011034746e-16,-5.893261586255159e-16
83,39,4.561123479934178e-16,1.31192063267473e-15
83,40,-1.11692469175222e-15,-1.762981436013085e-16
83,41,1.4773228857045136e-16,-1.3178919257524958e-15
83,42,-3.6602935461148134e-16,3.534741886552987e-16
83,43,3.491941237981854e-17,-4.337611567788983e-16
83,44,6.107893354217809e-18,1.0205360786848935e-15
83,45,-8.301863795189381e-16,-6.740763670459588e-16
83,46,9.38625998043947e-16,-3.1152940073901837e-16
83,47,-4.48435881004438e-16,5.206501804569742e-16
83,48,5.94930686506794e-16,-8.4872152328287605e-16
83,49,-1.8594904143051153e-16,-4.486468100090741e-16
83,50,8.618328783111683e-16,-6.014943389278084e-16
83,51,2.2043093643236385e-16,1.5312174422996555e-15
83,52,-3.167492975078712e-16,-1.1901967157001378e-15
83,53,1.8704121804043275e-15,-1.6847704649427795e-15
83,54,3.3841593217618397e-16,9.488227030212734e-16
83,55,-1.0471121008544066e-15,-6.54067209682171e-16
83,56,1.8135506245074754e-15,-1.0120649634399102e-15
83,57,1.24083812364666e-15,1.374115773932193e-15
83,58,-1.3077804160469566e-16,-4.89057309483293e-17
83,59,6.3467194007862425e-16,-2.3651057139191915e-16
83,60,5.832059449553023e-16,2.835644497809669e-17
83,61,7.458159819337657e-16,3.81220393275928e-16
83,62,-5.270241734857681e-17,3.972251691031745e-16
83,63,2.564637844530409e-16,-8.133958618158837e-16
83,64,1.3242454387547635e-15,4.806074534846253e-16
83,65,-3.102377321836309e-16,6.152566764121456e-16
83,66,6.007746880191916e-16,1.0028858508928845e-17
83,67,4.792852646227405e-16,-3.114751551343867e-16
83,68,6.766911994408154e-16,-3.8114523602070344e-16
83,69,-3.7713588314180077e-16,1.963046155595242e-17
83,70,-1.0525997198219666e-16,-1.6487031754846808e-16
83,71,5.752826010056263e-17,5.013070324192127e-16
83,72,3.857721664257035e-16,2.0181905661088933e-17
83,73,-1.586284596836183e-16,-7.257209924778602e-16
83,74,4.921485391747059e-16,-1.6658873425118914e-16
83,75,-1.5670062015437887e-15,2.3083720504987167e-16
83,76,5.904047573452033e-16,-1.0826349036906279e-15
83,77,-2.353703973841302e-16,1.541945812659977e-15
83,78,-6.903955147243538e-16,-1.7390336088421446e-15
83,79,8.811171388223826e-17,-7.190068514231612e-16
83,80,-6.619873513506864e-16,2.8992069020615387e-16
83,81,-4.410671331831015e-16,-1.0352171870900154e-15
83,82,6.508042209629882e-16,-3.3742295019149665e-16
83,83,-1.3433585298449313e-15,-8.109377487586337e-16
84,0,5.1402287920029586e-15,0.0
84,1,4.133583275179839e-14,3.1030937600786035e-15
84,2,-3.1568171438715006e-15,-1.2114483066548425e-14
84,3,1.3886169727106647e-14,-1.359483772707308e-14
84,4,-1.06688473426707e-16,5.711425498853714e-15
84,5,3.641414041713903e-15,3.1522228228155823e-15
84,6,-1.3616667984291013e-15,-1.152760576691864e-15
84,7,1.5496482417805864e-15,9.492767952707362e-16
84,8,2.278182210008456e-15,7.268680328295973e-15
84,9,-3.069908879835223e-15,6.803314688033638e-16
84,10,8.713062025459329e-15,-2.9326883467078032e-15
84,11,7.589770503914386e-16,8.063633676575982e-15
84,12,-1.5146605827032574e-15,-2.524779706715588e-15
84,13,4.935171749867044e-15,-4.10376595863755e-17
84,14,-8.612354082113259e-16,4.180419633419073e-15
84,15,7.682524551941367e-17,-3.8974656053194774e-16
84,16,-1.1048766101560053e-15,2.6116380671740986e-15
84,17,4.248070993856595e-17,3.6968622260014795e-16
84,18,1.5248330769891173e-15,2.4761861278331017e-15
84,19,-2.75315888937743e-15,4.547297425008941e-15
84,20,-1.0527979480607232e-17,-2.9903732141127835e-15
84,21,3.4348288931033792e-15,4.21827580183867e-15
84,22,-4.177565953317407e-15,1.378762432973004e-15
84,23,6.445661950538584e-16,-2.105809652566154e-15
84,24,-5.4218794010018715e-17,2.1340558780964326e-15
84,25,-1.154739927245423e-15,1.088809571059858e-15
84,26,4.468076799707431e-16,2.114268975517854e-15
84,27,-2.9076500927828782e-15,-9.466334523263657e-16
84,28,1.7078594288577345e-15,-2.0768315547108923e-15
84,29,-1.510617968069818e-15,3.771448545804836e-15
84,30,-3.4434342592056976e-15,-1.3766820402906068e-15
84,31,1.1980880062036663e-15,-1.3944867982631853e-15
84,32,-7.848457207822757e-16,3.295150757539247e-15
84,33,-2.9939832330097485e-15,-4.073954847974917e-16
84,34,6.272665164938077e-16,8.63956870653205e-16
84,35,-1.4239277439997611e-15,-6.979984264277157e-16
84,36,3.171915640152161e-16,2.1029705411100375e-16
84,37,-3.1615874223930196e-15,4.3769737910680043e-16
84,38,2.138522227361088e-16,-5.82470917963135e-16
84,39,4.50806695310579e-16,1.296659929352305e-15
84,40,-1.103932246988568e-15,-1.7424738412791824e-16
84,41,1.4601381675831126e-16,-1.3025617623348171e-15
84,42,-3.617715776935011e-16,3.493624576626962e-16
84,43,3.4513217996370694e-17,-4.287155006915336e-16
84,44,6.036844278471746e-18,1.0086648587812255e-15
84,45,-8.205293715227099e-16,-6.6623528337219e-16
84,46,9.277075838273339e-16,-3.07905585667829e-16
84,47,-4.432195235749594e-16,5.145938019377022e-16
84,48,5.880102520856381e-16,-8.388489082423077e-16
84,49,-1.837860194582335e-16,-4.434279989822653e-16
84,50,8.518077475663277e-16,-5.944975538877097e-16
84,51,2.178668094263572e-16,1.5134058045167997e-15
84,52,-3.130647628367463e-16,-1.1763519460385818e-15
84,53,1.848654915014267e-15,-1.6651726466056618e-15
84,54,3.3447936390223786e-16,9.377856772929197e-16
84,55,-1.0349317396965208e-15,-6.464588792761344e-16
84,56,1.7924547919155437e-15,-1.0002922824061586e-15
84,57,1.2264042760460475e-15,1.3581315957476559e-15
84,58,-1.29256787312088e-16,-4.83368429895759e-17
84,59,6.272892219908228e-16,-2.33759400648251e-16
84,60,5.764218966827388e-16,2.802659324521622e-17
84,61,7.371403988611759e-16,3.767859090721229e-16
84,62,-5.208936505295775e-17,3.9260451194838565e-16
84,63,2.5348051120463965e-16,-8.039341667851767e-16
84,64,1.3088413691307429e-15,4.750168654722837e-16
84,65,-3.066289422367697e-16,6.080998032202633e-16
84,66,5.937862742012069e-16,9.912199443924807e-18
84,67,4.73710056757227e-16,-3.0785197106636793e-16
84,68,6.68819699154622e-16,-3.7671162607144233e-16
84,69,-3.7274891133761946e-16,1.9402113405594502e-17
84,70,-1.0403555248292248e-16,-1.6295249040243752e-16
84,71,5.685907197425038e-17,4.954756599225415e-16
84,72,3.8128473446126435e-16,1.9947142926892793e-17
84,73,-1.5678323993370895e-16,-7.172791611008502e-16
84,74,4.864237013607007e-16,-1.6465091790243444e-16
84,75,-1.5487782568415205e-15,2.28152028817174e-16
84,76,5.835369700586935e-16,-1.070041329307976e-15
84,77,-2.326324895291121e-16,1.5240093788543097e-15
84,78,-6.82364601220188e-16,-1.7188045833117215e-15
84,79,8.708676870545133e-17,-7.106431211996423e-16
84,80,-6.542868911852234e-16,2.8654823494470377e-16
84,81,-4.359364915138286e-16,-1.0231751915813031e-15
84,82,6.432338467423699e-16,-3.3349793261893855e-16
84,83,-1.3277321302983245e-15,-8.015046473281533e-16
84,84,5.94750289265044e-16,-2.514127090653504e-16
85,0,5.081124809898e-15,0.0
85,1,4.0860540227260035e-14,3.067413403135926e-15
85,2,-3.120519058410736e-15,-1.1975186895239851e-14
85,3,1.372650214026028e-14,-1.3438519968028809e-14
85,4,-1.0546173549744833e-16,5.645753715721563e-15
85,5,3.599543907315792e-15,3.1159775643165075e-15
85,6,-1.3460099214020557e-15,-1.1395057697069887e-15
85,7,1.531829894454554e-15,9.383617093882514e-16
85,8,2.2519869478867275e-15,7.185102734878605e-15
85,9,-3.0346100931781157e-15,6.725088016450162e-16
85,10,8.612876472856431e-15,-2.8989673652929474e-15
85,11,7.502500913747117e-16,7.970915457250267e-15
85,12,-1.497244534586011e-15,-2.4957489883092713e-15
85,13,4.878425578715511e-15,-4.05657955515302e-17
85,14,-8.513326501406596e-16,4.1323518416528354e-15
85,15,7.594188446290725e-17,-3.8526513087749587e-16
85,16,-1.0921723882162263e-15,2.5816086237713002e-15
85,17,4.199225325276217e-17,3.6543545307817604e-16
85,18,1.5073000623039295e-15,2.4477141538198658e-15
85,19,-2.7215021946437186e-15,4.495011155951854e-15
85,20,-1.0406925431069348e-17,-2.9559889537839357e-15
85,21,3.3953341403119435e-15,4.169772727832794e-15
85,22,-4.1295309740707066e-15,1.3629089849139983e-15
85,23,6.37154768364604e-16,-2.0815963848191323e-15
85,24,-5.3595369108017046e-17,2.1095178262832085e-15
85,25,-1.141462361059658e-15,1.0762900930351155e-15
85,26,4.4167014345438533e-16,2.0899584397906336e-15
85,27,-2.8742170091585293e-15,-9.357487604400243e-16
85,28,1.6882219190881238e-15,-2.0529514863303533e-15
85,29,-1.49324840321871e-15,3.728083233407104e-15
85,30,-3.403840559183565e-15,-1.3608525132469578e-15
85,31,1.1843120100478156e-15,-1.378452546461325e-15
85,32,-7.758213155829512e-16,3.2572620682828975e-15
85,33,-2.9595574635378416e-15,-4.0271112221025187e-16
85,34,6.200540069993727e-16,8.540228203436184e-16
85,35,-1.4075549708595754e-15,-6.899726189832969e-16
85,36,3.1354439473890574e-16,2.078789918367642e-16
85,37,-3.125234486755778e-15,4.326645957212898e-16
85,38,2.113932820046447e-16,-5.757734824782571e-16
85,39,4.456231768465985e-16,1.2817505219384003e-15
85,40,-1.0912388836362192e-15,-1.7224383240092998e-16
85,41,1.4433490354997581e-16,-1.2875844937720998e-15
85,42,-3.5761181327069075e-16,3.4534537724052415e-16
85,43,3.411637406171634e-17,-4.237859937947954e-16
85,44,5.967430726927052e-18,9.970669100953506e-16
85,45,-8.110946643815567e-16,-6.585746986279109e-16
85,46,9.170405075838659e-16,-3.0436518951782867e-16
85,47,-4.381232448196834e-16,5.086768390763667e-16
85,48,5.812491235788932e-16,-8.292035572535244e-16
85,49,-1.8167278947475483e-16,-4.383293231105882e-16
85,50,8.420133917299977e-16,-5.876618323258433e-16
85,51,2.1536170770294105e-16,1.4960041842373944e-15
85,52,-3.0946504483018924e-16,-1.1628258780013057e-15
85,53,1.827398494057823e-15,-1.6460259630067208e-15
85,54,3.306334140158608e-16,9.270027199321037e-16
85,55,-1.0230317660770504e-15,-6.390256899029742e-16
85,56,1.7718445778118166e-15,-9.88790604260812e-16
85,57,1.212302690432263e-15,1.3425153676030775e-15
85,58,-1.2777055174682998e-16,-4.778105062727662e-17
85,59,6.200764514213765e-16,-2.310715608668244e-16
85,60,5.697940147644385e-16,2.7704334580737058e-17
85,61,7.286645245944671e-16,3.7245350510173044e-16
85,62,-5.149042500096271e-17,3.8809022066146383e-16
85,63,2.5056591183476276e-16,-7.946902765752391e-16
85,64,1.2937918956560048e-15,4.695549707877307e-16
85,65,-3.0310322533813285e-16,6.011076786783605e-16
85,66,5.869587311589286e-16,9.7982258286908e-18
85,67,4.68263188174047e-16,-3.043121913940719e-16
85,68,6.611293979774102e-16,-3.7238007623056837e-16
85,69,-3.6846292604847887e-16,1.9179021747630424e-17
85,70,-1.0283931868068464e-16,-1.610788109483852e-16
85,71,5.620528831821955e-17,4.897785235259934e-16
85,72,3.7690060156866767e-16,1.9717784346506194e-17
85,73,-1.5498049647960124e-16,-7.090316576496575e-16
85,74,4.80830647256693e-16,-1.6275770938992416e-16
85,75,-1.5309699128784415e-15,2.255286643767819e-16
85,76,5.76827276768467e-16,-1.057737654483739e-15
85,77,-2.2995760732940304e-16,1.506485835311709e-15
85,78,-6.74518556460017e-16,-1.699041222682322e-15
85,79,8.60854173984524e-17,-7.024719210414428e-16
85,80,-6.46763692846604e-16,2.8325341239191624e-16
85,81,-4.309239553727492e-16,-1.0114103984834663e-15
85,82,6.358377398168743e-16,-3.2966326754095285e-16
85,83,-1.3124654448559529e-15,-7.922886925040363e-16
85,84,5.879116616715935e-16,-2.485218859407697e-16
85,85,-9.677913518919825e-16,-1.581583441448192e-17
86,0,5.0233657859737346e-15,0.0
86,1,4.039606336262027e-14,3.032544981129796e-15
86,2,-3.0850469647908805e-15,-1.1839060519238945e-14
86,3,1.357046791650507e-14,-1.3285759344076399e-14
86,4,-1.0426291296669181e-16,5.581576346312797e-15
86,5,3.558626561169502e-15,3.08055709553876e-15
86,6,-1.3307093290802306e-15,-1.1265525864106183e-15
86,7,1.5144170178116989e-15,9.27695004977332e-16
86,8,2.22638777981537e-15,7.103427016157087e-15
86,9,-3.0001145585218412e-15,6.648641455074959e-16
86,10,8.514970722286519e-15,-2.8660137316641403e-15
86,11,7.417217212601889e-16,7.88030711484215e-15
86,12,-1.4802248025130716e-15,-2.467378887019118e-15
86,13,4.8229707118787656e-15,-4.010466915857023e-17
86,14,-8.416552372160261e-16,4.0853778707673815e-15
86,15,7.507862499071276e-17,-3.8088567972365083e-16
86,16,-1.0797572609637884e-15,2.552262524267303e-15
86,17,4.151491178782996e-17,3.612814132018084e-16
86,18,1.4901660253304493e-15,2.4198900822491694e-15
86,19,-2.6905658732087168e-15,4.4439147025857196e-15
86,20,-1.028862606283099e-17,-2.9223871346810315e-15
86,21,3.3567381220722166e-15,4.122373379901706e-15
86,22,-4.082589069029776e-15,1.347416294690586e-15
86,23,6.299119945918083e-16,-2.0579341092621093e-15
86,24,-5.298613073612948e-17,2.0855381573800544e-15
86,25,-1.1284869364661383e-15,1.0640555057028054e-15
86,26,4.366495156727726e-16,2.0662011096637616e-15
86,27,-2.841544721976737e-15,-9.251117583856619e-16
86,28,1.6690312764917973e-15,-2.0296148279228833e-15
86,29,-1.476274096648171e-15,3.6857047332272724e-15
86,30,-3.3651478453361725e-15,-1.3453831996971484e-15
86,31,1.1708494976551078e-15,-1.3627831668282114e-15
86,32,-7.670022679105894e-16,3.2202355663235154e-15
86,33,-2.9259150798654843e-15,-3.9813335602411156e-16
86,34,6.13005623902219e-16,8.443148272598812e-16
86,35,-1.391554773210774e-15,-6.821294451786873e-16
86,36,3.0998021970392815e-16,2.0551595449521683e-16
86,37,-3.0897087911188924e-15,4.2774633732961094e-16
86,38,2.0899029642772076e-16,-5.6922845247139e-16
86,39,4.4055761347319915e-16,1.2671803899634161e-15
86,40,-1.078834367875407e-15,-1.7028587308903263e-16
86,41,1.4269419534871102e-16,-1.2729480448827862e-15
86,42,-3.535467075999807e-16,3.4141970868239037e-16
86,43,3.372856062682467e-17,-4.189686617531419e-16
86,44,5.899596736025755e-18,9.857328819679356e-16
86,45,-8.018746515147996e-16,-6.510884365900514e-16
86,46,9.066161691551233e-16,-3.0090535790164236e-16
86,47,-4.331429359459431e-16,5.028945214169583e-16
86,48,5.746418499355943e-16,-8.19777693907638e-16
86,49,-1.796076477224366e-16,-4.333466716687395e-16
86,50,8.324419142605315e-16,-5.809816630517948e-16
86,51,2.129136115641976e-16,1.4789985516853564e-15
86,52,-3.0594724127353357e-16,-1.1496076064138024e-15
86,53,1.806625779887952e-15,-1.6273149774406772e-15
86,54,3.2687498178189905e-16,9.16465137353121e-16
86,55,-1.0114025858339236e-15,-6.317616486734759e-16
86,56,1.7517033655431168e-15,-9.775506559611094e-16
86,57,1.1985219976290224e-15,1.3272544991660283e-15
86,58,-1.2631813665543412e-16,-4.723790576279084e-17
86,59,6.130278131901814e-16,-2.284448850201053e-16
86,60,5.633169555773521e-16,2.73894091688012e-17
86,61,7.203815255965228e-16,3.6821968843382633e-16
86,62,-5.090511430682117e-17,3.836786556677654e-16
86,63,2.477176364946103e-16,-7.856567384484692e-16
86,64,1.2790848849349444e-15,4.64217365866345e-16
86,65,-2.9965773893525534e-16,5.94274665498639e-16
86,66,5.80286554295742e-16,9.686845773835177e-18
86,67,4.629402674231316e-16,-3.008529622271488e-16
86,68,6.536140957277142e-16,-3.6814709425578533e-16
86,69,-3.6427447176776894e-16,1.8961006718004016e-17
86,70,-1.0167030613124639e-16,-1.5924776856242838e-16
86,71,5.556638202992716e-17,4.842110300051057e-16
86,72,3.7261623311137885e-16,1.94936450032677e-17
86,73,-1.5321877588841986e-16,-7.009718327074573e-16
86,74,4.753648675528921e-16,-1.609075823447867e-16
86,75,-1.5135668119640493e-15,2.2296499668336667e-16
86,76,5.702702678923738e-16,-1.0457139595782504e-15
86,77,-2.2734359420431067e-16,1.489361053957424e-15
86,78,-6.668510546966196e-16,-1.6797275930627434e-15
86,79,8.510685263787778e-17,-6.944866630500392e-16
86,80,-6.394116908773347e-16,2.800335661501738e-16
86,81,-4.260254834833304e-16,-9.99913322621551e-16
86,82,6.286099371944131e-16,-3.259158633205807e-16
86,83,-1.2975461649985608e-15,-7.832824540711363e-16
86,84,5.812286524950239e-16,-2.456968457985173e-16
86,85,-9.56790109856216e-16,-1.563604997845532e-17
86,86,1.0520177360013576e-15,-1.0544225775086901e-15
87,0,4.966906223776729e-15,0.0
87,1,3.9942036292104254e-14,2.9984610284032422e-15
87,2,-3.050372921846279e-15,-1.1705996712576394e-14
87,3,1.341794414857367e-14,-1.3136435526544378e-14
87,4,-1.0309106152877331e-16,5.5188428384798814e-15
87,5,3.518629772915047e-15,3.045933515981277e-15
87,6,-1.3157529692743963e-15,-1.1138908236542119e-15
87,7,1.4973958958284885e-15,9.172682799358036e-16
87,8,2.2013645414758246e-15,7.023588836634018e-15
87,9,-2.9663951039306655e-15,6.57391478738802e-16
87,10,8.419267653948758e-15,-2.8338014884322854e-15
87,11,7.333852222994144e-16,7.791737277677547e-15
87,12,-1.4635879801386409e-15,-2.4396470558782904e-15
87,13,4.768763467874759e-15,-3.9653917180868143e-17
87,14,-8.321955465945073e-16,4.03946071963399e-15
87,15,7.423478711827179e-17,-3.7660475740173833e-16
87,16,-1.0676214490738251e-15,2.5235766529070464e-15
87,17,4.104830954462225e-17,3.572208308575474e-16
87,18,1.4734174696855609e-15,2.392691996258666e-15
87,19,-2.6603255567086266e-15,4.3939678165258995e-15
87,20,-1.0172988192155096e-17,-2.8895412888429763e-15
87,21,3.319010436520952e-15,4.076040421849612e-15
87,22,-4.03670326232398e-15,1.332272158799117e-15
87,23,6.22832168643915e-16,-2.0348041872557027e-15
87,24,-5.239059900076825e-17,2.0620979827386605e-15
87,25,-1.1158034327969808e-15,1.0520961719483257e-15
87,26,4.317418419060611e-16,2.042978271623913e-15
87,27,-2.8096074954633942e-15,-9.147140674574803e-16
87,28,1.6502723847091297e-15,-2.0068031973358696e-15
87,29,-1.4596816777938112e-15,3.64427966396266e-15
87,30,-3.3273256396336967e-15,-1.3302619145512004e-15
87,31,1.1576898646813808e-15,-1.3474663166829545e-15
87,32,-7.583816310516814e-16,3.184042086096869e-15
87,33,-2.893029582079103e-15,-3.9365858035877767e-16
87,34,6.06115815231216e-16,8.348252444712583e-16
87,35,-1.3759145477890042e-15,-6.744627269906527e-16
87,36,3.06496231429954e-16,2.032060807353368e-16
87,37,-3.0549823520947035e-15,4.22938729847704e-16
87,38,2.0664137318731524e-16,-5.628306724597589e-16
87,39,4.3560601507502814e-16,1.2529380566175681e-15
87,40,-1.0667089287398769e-15,-1.6837196391885302e-16
87,41,1.4109039977803258e-16,-1.2586408866196367e-15
87,42,-3.495730586208395e-16,3.37582359761581e-16
87,43,3.334947221326679e-17,-4.1425970998162314e-16
87,44,5.833288873320445e-18,9.746538466497232e-16
87,45,-7.928620703709349e-16,-6.437706003727388e-16
87,46,8.964263573492322e-16,-2.9752336552965604e-16
87,47,-4.282746739928683e-16,4.972422942608643e-16
87,48,5.681832266440092e-16,-8.10563893505897e-16
87,49,-1.7758896750090914e-16,-4.2847611985062137e-16
87,50,8.23085775759764e-16,-5.744517841343601e-16
87,51,2.1052059265877306e-16,1.4623755116209996e-15
87,52,-3.0250858121299864e-16,-1.1366867193189978e-15
87,53,1.7863204099562807e-15,-1.6090249513710106e-15
87,54,3.232011067047364e-16,9.061646291623272e-16
87,55,-1.0000350387282465e-15,-6.246610337438288e-16
87,56,1.7320152899915144e-15,-9.665635838639376e-16
87,57,1.1850513426632705e-15,1.3123369695375554e-15
87,58,-1.248983979788239e-16,-4.670698056400928e-17
87,59,6.061377551251392e-16,-2.2587730409052337e-16
87,60,5.569856171789315e-16,2.708156894445938e-17
87,61,7.122848773963147e-16,3.6408112411518953e-16
87,62,-5.033297192464054e-17,3.793663420027276e-16
87,63,2.4493344161395586e-16,-7.768264367384514e-16
87,64,1.26470875233917e-15,4.589998463071993e-16
87,65,-2.962897690381658e-16,5.875953813556226e-16
87,66,5.737644879760192e-16,9.577971545924529e-18
87,67,4.577371016701904e-16,-2.9747155875053046e-16
87,68,6.462678726448524e-16,-3.640093458513552e-16
87,69,-3.60180249273962e-16,1.8747896587520957e-17
87,70,-1.0052759401009572e-16,-1.5745792094293198e-16
87,71,5.494184984653707e-17,4.787687938770132e-16
87,72,3.684282543168209e-16,1.9274548343896117e-17
87,73,-1.514966904629118e-16,-6.930933375961513e-16
87,74,4.700220568858263e-16,-1.5909907943250984e-16
87,75,-1.4965552457750975e-15,2.2045900635052062e-16
87,76,5.638607785119521e-16,-1.033960773595669e-15
87,77,-2.247883911106182e-16,1.4726215456989372e-15
87,78,-6.593560562826261e-16,-1.6608484812171844e-15
87,79,8.415030361385161e-17,-6.866810572832944e-16
87,80,-6.322250941474325e-16,2.768861599649719e-16
87,81,-4.212372173472274e-16,-9.886749078145307e-16
87,82,6.215447455761196e-16,-3.222527681489094e-16
87,83,-1.2829625388945696e-15,-7.744788378668506e-16
87,84,5.746959975671559e-16,-2.4293536337059957e-16
87,85,-9.460363736127312e-16,-1.546031033020214e-17
87,86,1.0401936994233387e-15,-1.0425715119814683e-15
87,87,-1.4737662803010046e-16,4.790227288119158e-18
88,0,4.911702661276674e-15,0.0
88,1,3.9498109510020974e-14,2.965135307455853e-15
88,2,-3.0164702378307203e-15,-1.157589304400808e-14
88,3,1.3268813425130135e-14,-1.2990433567387977e-14
88,4,-1.0194527910367786e-16,5.457504900569239e-15
88,5,3.4795227534078476e-15,3.0120801727440805e-15
88,6,-1.3011293287219998e-15,-1.1015107345340521e-15
88,7,1.4807534258082194e-15,9.070735078705782e-16
88,8,2.1768979702188457e-15,6.9455267376433535e-15
88,9,-2.9334257724913505e-15,6.500850489516163e-16
88,10,8.325693596537615e-15,-2.8023058389210153e-15
88,11,7.252341771353208e-16,7.705137765543973e-15
88,12,-1.4473212605961735e-15,-2.412532147188743e-15
88,13,4.71576211848616e-15,-3.9213192633868036e-17
88,14,-8.229462962968513e-16,3.994565041669434e-15
88,15,7.340972126727095e-17,-3.724190684987503e-16
88,16,-1.0557556105145598e-15,2.4955289275814605e-15
88,17,4.059208733720053e-17,3.5325058024798963e-16
88,18,1.4570415024915174e-15,2.3660989590222173e-15
88,19,-2.6307579664373962e-15,4.34513204913781e-15
88,20,-1.0059922802116198e-17,-2.8574261318521845e-15
88,21,3.2821220412471033e-15,4.0307381870091025e-15
88,22,-3.9918382314987286e-15,1.3174649194288061e-15
88,23,6.159098405387077e-16,-2.01218881360745e-15
88,24,-5.180831546730643e-17,2.0391792583370566e-15
88,25,-1.103402086412521e-15,1.0404028855910779e-15
88,26,4.2694334427398235e-16,2.0202720489527532e-15
88,27,-2.7783807446473704e-15,-9.045476836125742e-16
88,28,1.6319308033248664e-15,-1.9844990343945362e-15
88,29,-1.44345837397049e-15,3.603776136991646e-15
88,30,-3.290344826904383e-15,-1.315477017588614e-15
88,31,1.1448229809671916e-15,-1.3324902052609907e-15
88,32,-7.499527689225266e-16,3.148653766208478e-15
88,33,-2.8608756552374215e-15,-3.892833505747947e-16
88,34,5.993792772776272e-16,8.255467669877938e-16
88,35,-1.3606222548985117e-15,-6.669665626529507e-16
88,36,3.0308974797617356e-16,2.009475924384238e-16
88,37,-3.0210284376030004e-15,4.1823807242536835e-16
88,38,2.043447041048116e-16,-5.565752174935778e-16
88,39,4.3076456995905633e-16,1.239012558289035e-15
88,40,-1.0548532321826986e-15,-1.6650063158144e-16
88,41,1.3952228225146856e-16,-1.2446520054692293e-15
88,42,-3.4568780745633547e-16,3.3383037652364424e-16
88,43,3.297881700241221e-17,-4.096555135742595e-16
88,44,5.768456095653393e-18,9.638212756054215e-16
88,45,-7.840499831513048e-16,-6.366155567757306e-16
88,46,8.864632281466446e-16,-2.9421660897652865e-16
88,47,-4.235147114190272e-16,4.9171580657774715e-16
88,48,5.618682819177778e-16,-8.015550633529863e-16
88,49,-1.7561519484946937e-16,-4.2371391835208596e-16
88,50,8.139377739618741e-16,-5.680671689352803e-16
88,51,2.081808088636302e-16,1.4461222677872687e-15
88,52,-2.9914641760099943e-16,-1.12405327034174e-15
88,53,1.766466753383485e-15,-1.5911418053108024e-15
88,54,3.1960896067052055e-16,8.960932661271571e-16
88,55,-9.889203741311159e-16,-6.177183791286577e-16
88,56,1.7127651954649877e-15,-9.558209302264108e-16
88,57,1.171880355953813e-15,1.297751295346205e-15
88,58,-1.2351024281576186e-16,-4.61878663297982e-17
88,59,5.994009733255323e-16,-2.2336684157886684e-16
88,60,5.507951257655083e-16,2.6780576935254862e-17
88,61,7.043683472715941e-16,3.6003462631863954e-16
88,62,-4.977355742469401e-17,3.75149960088587e-16
88,63,2.422111839462425e-16,-7.68192573963491e-16
88,64,1.2506524312594792e-15,4.538983957137013e-16
88,65,-2.9299672301588996e-16,5.810646846003407e-16
88,66,5.673875115755646e-16,9.47151933462082e-18
88,67,4.526496855680538e-16,-2.941653779922018e-16
88,68,6.390850736766448e-16,-3.599636458181805e-16
88,69,-3.561771068737897e-16,1.85395273060436e-17
88,70,-9.941030266838468e-17,-1.5570789028233852e-16
88,71,5.433121100915518e-17,4.734476257604611e-16
88,72,3.6433344131902293e-16,1.9060325709881192e-17
88,73,-1.4981291455820755e-16,-6.853901075256494e-16
88,74,4.647981024110081e-16,-1.5733080848487047e-16
88,75,-1.479922118970841e-15,2.1800876429088356e-16
88,76,5.575938746636557e-16,-1.022469049045977e-15
88,77,-2.222900310774533e-16,1.456254424623093e-15
88,78,-6.520277916400312e-16,-1.6423893541861373e-15
88,79,8.321503398409533e-17,-6.790490950606379e-16
88,80,-6.251983704835553e-16,2.738087709931697e-16
88,81,-4.1655547100302223e-16,-9.776865028383089e-16
88,82,6.146367262451442e-16,-3.186711622103546e-16
88,83,-1.2687033402082611e-15,-7.65871066951731e-16
88,84,5.683086681127845e-16,-2.402353128942882e-16
88,85,-9.355218650383486e-16,-1.528848018702408e-17
88,86,1.028632700420902e-15,-1.030984085315965e-15
88,87,-1.4573864363297998e-16,4.736987383926226e-18
88,88,-4.422396533294868e-16,-4.138347006801834e-16
89,0,4.857713558113097e-15,0.0
89,1,3.9063948964042706e-14,2.9325427408759796e-15
89,2,-2.9833134011711955e-15,-1.1448651611278304e-14
89,3,1.3122963526170369e-14,-1.2847643600980073e-14
89,4,-1.0082470349677873e-16,5.397516376138491e-15
89,5,3.441276074842634e-15,2.9789715913828097e-15
89,6,-1.2868274032183763e-15,-1.0894030031049086e-15
89,7,1.4644770843887651e-15,8.971030172748295e-16
89,8,2.152969655091525e-15,6.8691819779085386e-15
89,9,-2.9011817549732852e-15,6.429393580999176e-16
89,10,8.234178136117833e-15,-2.7715030828368188e-15
89,11,7.172624521537166e-16,7.620443412811023e-15
89,12,-1.431412403273598e-15,-2.3860137571390153e-15
89,13,4.663926780505081e-15,-3.878216387490548e-17
89,14,-8.139005263158756e-16,3.950657053136542e-15
89,15,7.26028065804446e-17,-3.683254633080736e-16
89,16,-1.044150816311325e-15,2.4680982425399786e-15
89,17,4.0145901861000826e-17,3.493676737825878e-16
89,18,1.441025800928023e-15,2.3400909594336018e-15
89,19,-2.6018408529549045e-15,4.2973706517898494e-15
89,20,-9.949344811664327e-18,-2.8260174972393613e-15
89,21,3.2460451779472625e-15,3.986432585711315e-15
89,22,-3.947960215878646e-15,1.3029834342179427e-15
89,23,6.091398012644524e-16,-1.9900709703799014e-15
89,24,-5.123884197076368e-17,2.0167647379681116e-15
89,25,-1.0912735653715614e-15,1.028966847500926e-15
89,26,4.222504119349104e-16,1.99806535534947e-15
89,27,-2.7478409715798623e-15,-8.94604956706088e-16
89,28,1.6139927304054391e-15,-1.9626855553456843e-15
89,29,-1.4275919772362124e-15,3.564163673645196e-15
89,30,-3.2541775793012242e-15,-1.3010173832602103e-15
89,31,1.1322391642572022e-15,-1.3178435631253705e-15
89,32,-7.417093388532795e-16,3.114043977152959e-15
89,33,-2.8294291036970574e-15,-3.850043743371364e-16
89,34,5.9279094083573e-16,8.164724128090176e-16
89,35,-1.3456663871776262e-15,-6.596353113454118e-16
89,36,2.997582059835532e-16,1.9873879010513866e-16
89,37,-2.987821497520138e-15,4.1364082784516816e-16
89,38,2.020985609500511e-16,-5.504573803792805e-16
89,39,4.260296349659253e-16,1.2253934161211237e-15
89,40,-1.0432583568610026e-15,-1.646704679100677e-16
89,41,1.3798866276967882e-16,-1.230970874879666e-15
89,42,-3.418880304775108e-16,3.3016093562296346e-16
89,43,3.26163160783654e-17,-4.0515260789996925e-16
89,44,5.705049616735581e-18,9.53227017388173e-16
89,45,-7.754317588114065e-16,-6.296179216702355e-16
89,46,8.767192843504442e-16,-2.909825999271407e-16
89,47,-4.188594663802016e-16,4.863108997176916e-16
89,48,5.556922637976344e-16,-7.927444243564871e-16
89,49,-1.7368484451564942e-16,-4.1905648364413713e-16
89,50,8.049910250485882e-16,-5.618230130686635e-16
89,51,2.0589249950503923e-16,1.4302265897124846e-15
89,52,-2.9585822042892607e-16,-1.1116977528849763e-15
89,53,1.7470498704081906e-15,-1.5736520822964053e-15
89,54,3.1609584061020334e-16,8.862434696053637e-16
89,55,-9.780502283219127e-16,-6.109284605206476e-16
89,56,1.6939385963790996e-15,-9.453146112639989e-16
89,57,1.1589991264095726e-15,1.283486500956778e-15
89,58,-1.2215262658754223e-16,-4.56801724297084e-17
89,59,5.928123984021452e-16,-2.2091160837666207e-16
89,60,5.447408230282127e-16,2.6486206646447153e-17
89,61,6.966259780793758e-16,3.560771500780634e-16
89,62,-4.9226449850816245e-17,3.710263371224178e-16
89,63,2.3954881500837054e-16,-7.597486531919455e-16
89,64,1.2369053443958178e-15,4.489091752738794e-16
89,65,-2.8977612287040323e-16,5.746776609213777e-16
89,66,5.611508264566375e-16,9.367409035252709e-18
89,67,4.4767419086562355e-16,-2.9093193207032553e-16
89,68,6.320602938085445e-16,-3.560069497904605e-16
89,69,-3.522620322258232e-16,1.833574207689665e-17
89,70,-9.831759135086147e-17,-1.5399635969273008e-16
89,71,5.373400601559945e-17,4.682435215073163e-16
89,72,3.603287127949634e-16,1.88508158999338e-17
89,73,-1.4816618114270863e-16,-6.778563458600195e-16
89,74,4.596890731330061e-16,-1.5560143888824042e-16
89,75,-1.4636549152198693e-15,2.1561242671152258e-16
89,76,5.51464840538701e-16,-1.011230138473129e-15
89,77,-2.1984663410338728e-16,1.4402473745662483e-15
89,78,-6.448607462922121e-16,-1.6243363215836161e-15
89,79,8.230033996363926e-17,-6.715850333747797e-16
89,80,-6.183262323169172e-16,2.7079908351742167e-16
89,81,-4.1197672146375566e-16,-9.66939838981899e-16
89,82,6.078806809570226e-16,-3.1516835036722886e-16
89,83,-1.2547578389753597e-15,-7.574526640281084e-16
89,84,5.620618577035564e-16,-2.375946625972662e-16
89,85,-9.252386720263739e-16,-1.5120430247735406e-17
89,86,1.0173260394093785e-15,-1.0196515780408478e-15
89,87,-1.4413669432769045e-16,4.684918739264237e-18
89,88,-4.373785849967338e-16,-4.0928585766412764e-16
89,89,-1.459613865510506e-16,-6.267693225997145e-16
90,0,4.8048991903197535e-15,0.0
90,1,3.8639235208617257e-14,2.9006593477871365e-15
90,2,-2.9508780158140014e-15,-1.1324178793006416e-14
90,3,1.2980287138623344e-14,-1.2707960565679095e-14
90,4,-9.972851021378036e-17,5.338833126982338e-15
90,5,3.403861596174656e-15,2.9465834113489246e-15
90,6,-1.2728366697288275e-15,-1.077558720770669e-15
90,7,1.4485548958046621e-15,8.873494720861184e-16
90,8,2.129561990178471e-15,6.794498384674691e-15
90,9,-2.8696393269545338e-15,6.359491485453027e-16
90,10,8.144653937674614e-15,-2.7413705562054656e-15
90,11,7.094641819388882e-16,7.537591903281324e-15
90,12,-1.4158497027919724e-15,-2.360072374094918e-15
90,13,4.613219314657197e-15,-3.836051376272666e-17
90,14,-8.050515809777442e-16,3.907704447526184e-15
90,15,7.181344934813838e-17,-3.643209298471994e-16
90,16,-1.0327985279178928e-15,2.4412644149023025e-15
90,17,3.9709424822798114e-17,3.455692545062101e-16
90,18,1.42535858100255e-15,2.314648861392438e-15
90,19,-2.5735529397002822e-15,4.2506484827214644e-15
90,20,-9.84117286000439e-18,-2.795292275238499e-15
90,21,3.2107533020778862e-15,3.943091018892602e-15
90,22,-3.9050369310079976e-15,1.2888170480158401e-15
90,23,6.025170695787165e-16,-1.9684343837621174e-15
90,24,-5.0681759505366095e-17,1.994837929532526e-15
90,25,-1.0794089457814607e-15,1.0177796432985893e-15
90,26,4.176595919349178e-16,1.9763418516290172e-15
90,27,-2.7179657057836204e-15,-8.848785711034805e-16
90,28,1.5964449675207692e-15,-1.941346710322683e-15
90,29,-1.4120708134535817e-15,3.525413127964876e-15
90,30,-3.218797285777943e-15,-1.2868723724926903e-15
90,31,1.1199291556624726e-15,-1.3035156136066615e-15
90,32,-7.33645275513742e-16,3.0801872538269573e-15
90,33,-2.7986667897935815e-15,-3.808185032714522e-16
90,34,5.863459583559436e-16,8.075955052294847e-16
90,35,-1.3310359404356934e-15,-6.524635788984279e-16
90,36,2.96499154178523e-16,1.9657804854846814e-16
90,37,-2.9553370989274428e-15,4.091436135580739e-16
90,38,1.9990129106148497e-16,-5.444726597500954e-16
90,39,4.213977262371006e-16,1.2120706094557383e-15
90,40,-1.0319157715266507e-15,-1.6288012631152306e-16
90,41,1.3648841292998672e-16,-1.2175874285831656e-15
90,42,-3.3817093189403754e-16,3.2657133716756204e-16
90,43,3.226170272111017e-17,-4.007476798221654e-16
90,44,5.643022783507772e-18,9.4286327698137e-16
90,45,-7.670010562558585e-16,-6.227725463539337e-16
90,46,8.671873565862253e-16,-2.878189588704653e-16
90,47,-4.1430551365193077e-16,4.810235968719514e-16
90,48,5.496506281085339e-16,-7.841254938466469e-16
90,49,-1.7179649619114626e-16,-4.14500388891205e-16
90,50,7.962389462035419e-16,-5.557147222252449e-16
90,51,2.0365398089650816e-16,1.4146767817147001e-15
90,52,-2.926415703153515e-16,-1.0996110760372152e-15
90,53,1.7280554745251836e-15,-1.556542913783504e-15
90,54,3.1265916164916183e-16,8.766079923384893e-16
90,55,-9.674166032921525e-16,-6.042862820505997e-16
90,56,1.6755216405462291e-15,-9.350368966638176e-16
90,57,1.1463981763119437e-15,1.2695320906548143e-15
90,58,-1.2082455039071862e-16,-4.5183525314001746e-17
90,59,5.863671826299279e-16,-2.1850979797861218e-16
90,60,5.388182543474369e-16,2.619824148700714e-17
90,61,6.890520731587711e-16,3.5220578357156788e-16
90,62,-4.8691246653575556e-17,3.669924390353079e-16
90,63,2.369443758892336e-16,-7.514884615770734e-16
90,64,1.223457376951264e-15,4.4402851403169396e-16
90,65,-2.866255989566484e-16,5.684296108905502e-16
90,66,5.550498438067813e-16,9.265564045806544e-18
90,67,4.428069567059486e-16,-2.8776884188821145e-16
90,68,6.251883643657267e-16,-3.52136346520365e-16
90,69,-3.484321447063064e-16,1.813639095949786e-17
90,70,-9.724865606514713e-17,-1.523220698684435e-16
90,71,5.314979545588503e-17,4.631526520548689e-16
90,72,3.56411122155583e-16,1.8645864761454068e-17
90,73,-1.4655527858705326e-16,-6.704865094270931e-16
90,74,4.546912099431357e-16,-1.5390969821141693e-16
90,75,-1.4477416654800097e-15,2.132682304412137e-16
90,76,5.454691665318084e-16,-1.000235772539832e-15
90,77,-2.1745640239195327e-16,1.4245886179014596e-15
90,78,-6.37849646888608e-16,-1.606676100394797e-15
90,79,8.140554854122258e-17,-6.642833803372265e-16
90,80,-6.116036232830196e-16,2.6785488307746306e-16
90,81,-4.0749759978863286e-16,-9.564270090920562e-16
90,82,6.012716387657818e-16,-3.1174175532946346e-16
90,83,-1.2411157744101187e-15,-7.49217435024699e-16
90,84,5.559509700770542e-16,-2.3501146954851393e-16
90,85,-9.151792284349723e-16,-1.4956036864975374e-17
90,86,1.0062653972022282e-15,-1.0085656519524782e-15
90,87,-1.425696014360099e-16,4.633983043197066e-18
90,88,-4.326232874320247e-16,-4.0483599178366935e-16
90,89,-1.443744551149517e-16,-6.199549180183493e-16
90,90,5.607092544278309e-16,1.5114374803747104e-16
91,0,4.753221551891573e-15,0.0
91,1,3.822366261340544e-14,2.8694621844251534e-15
91,2,-2.9191407407731166e-15,-1.1202385016699922e-14
91,3,1.2840681590437202e-14,-1.2571283943494013e-14
91,4,-9.865591041768228e-17,5.281412923761337e-15
91,5,3.367252393388244e-15,2.9148923256260565e-15
91,6,-1.2591470603133179e-15,-1.0659693642094935e-15
91,7,1.4329754022120438e-15,8.778058535081704e-16
91,8,2.1066581309756487e-15,6.721422214516643e-15
91,9,-2.838775790034465e-15,6.291093900289443e-16
91,10,8.057056578262418e-15,-2.7118865752123458e-15
91,11,7.018337547395316e-16,7.45652361577558e-15
91,12,-1.4006219600004196e-15,-2.334689330251141e-15
91,13,4.563603231095434e-15,-3.794793887163566e-17
91,14,-7.963930924496979e-16,3.865676315504124e-15
91,15,7.104108153714033e-17,-3.6040258639425197e-16
91,16,-1.0216905760585852e-15,2.41500813464671e-15
91,17,3.928234212721985e-17,3.418525890198153e-16
91,18,1.4100285683504733e-15,2.289754356386335e-15
91,19,-2.5458738702701574e-15,4.2049319199644515e-15
91,20,-9.735329104990107e-18,-2.7652283555225798e-15
91,21,3.176221017079868e-15,3.900682297316453e-15
91,22,-3.8630374886521856e-15,1.2749555664801568e-15
91,23,5.960368796652163e-16,-1.9472634837443612e-15
91,24,-5.013666718628083e-17,1.9733830541726245e-15
91,25,-1.0677996896853873e-15,1.0068332225054308e-15
91,26,4.1316758065160977e-16,1.9550859052348186e-15
91,27,-2.6887334485727605e-15,-8.753615275529191e-16
91,28,1.579274887039531e-15,-1.920467143575078e-15
91,29,-1.3968837133621467e-15,3.4874966144813115e-15
91,30,-3.184178486148773e-15,-1.273031806325793e-15
91,31,1.1078840967176145e-15,-1.2894960460991547e-15
91,32,-7.257547758839217e-16,3.0470592324284965e-15
91,33,-2.7685665765080904e-15,-3.7672272516262716e-16
91,34,5.800396919329582e-16,7.989096562943907e-16
91,35,-1.3167203863855008e-15,-6.454462044265973e-16
91,36,2.933102472989014e-16,1.9446381286663088e-16
91,37,-2.9235518655682398e-15,4.04743193301755e-16
91,38,1.9775131325100058e-16,-5.386167489119905e-16
91,39,4.168655105821268e-16,1.1990345510029262e-15
91,40,-1.020817313886431e-15,-1.6112831842934705e-16
91,41,1.3502045313028016e-16,-1.2044920356525949e-15
91,42,-3.345338368264555e-16,3.230589980289693e-16
91,43,3.191472174559713e-17,-3.9643755948904684e-16
91,44,5.582330960537665e-18,9.327225964831784e-16
91,45,-7.58751808625632e-16,-6.160745047928715e-16
91,46,8.578605855369101e-16,-2.8472340920331537e-16
91,47,-4.0984957614205737e-16,4.75850093218711e-16
91,48,5.437390271995198e-16,-7.756920695127997e-16
91,49,-1.6994879099240233e-16,-4.1004235545969935e-16
91,50,7.876752393005457e-16,-5.497379007880273e-16
91,51,2.0146364216673162e-16,1.3994616539206602e-15
91,52,-2.894941525109823e-16,-1.087784542045918e-15
91,53,1.7094698970845034e-15,-1.5398019877598099e-15
91,54,3.092964507020695e-16,8.671799004936932e-16
91,55,-9.570118469270095e-16,-5.977870639080351e-16
91,56,1.657501074850869e-15,-9.249803904294827e-16
91,57,1.1340684378297028e-15,1.2558780226389846e-15
91,58,-1.1952505852189472e-16,-4.469756758802246e-17
91,59,5.800606879356898e-16,-2.1615968200620986e-16
91,60,5.33023157754616e-16,2.591647423292046e-17
91,61,6.816411822150805e-16,3.4841774090619944e-16
91,62,-4.816756269278607e-17,3.6304536297415944e-16
91,63,2.343959923956811e-16,-7.434060549620565e-16
91,64,1.210298851568306e-15,4.3925289979067907e-16
91,65,-2.835428841107295e-16,5.623160383180696e-16
91,66,5.490801732680835e-16,9.165911077112216e-18
91,67,4.3804448055489117e-16,-2.846738312390899e-16
91,68,6.184643402054929e-16,-3.4834905066417686e-16
91,69,-3.4468468827118195e-16,1.7941330497816316e-17
91,70,-9.62027275895017e-17,-1.506838159656036e-16
91,71,5.2578158923398654e-17,4.581713539376962e-16
91,72,3.525778502443543e-16,1.844532480855257e-17
91,73,-1.4497904766178821e-16,-6.632752947828915e-16
91,74,4.498009163046652e-16,-1.5225436905263166e-16
91,75,-1.4321709183399205e-15,2.109744885614334e-16
91,76,5.396025380667322e-16,-9.894780395367375e-16
91,77,-2.1511761589683922e-16,1.4092668863543897e-15
91,78,-6.309894481377455e-16,-1.5893959820616847e-15
91,79,8.053001581162102e-17,-6.571388815697856e-16
91,80,-6.050257056923529e-16,2.649740509828404e-16
91,81,-4.0311488273503594e-16,-9.46140447979935e-16
91,82,5.948048437063021e-16,-3.08388911268273e-16
91,83,-1.2277673294798497e-15,-7.411594537481514e-16
91,84,5.499716077475969e-16,-2.324838748438693e-16
91,85,-9.053362953388263e-16,-1.479518173881917e-17
91,86,9.954428143967093e-16,-9.977183294534575e-16
91,87,-1.4103623725457123e-16,4.5841436416397734e-18
91,88,-4.279703386524614e-16,-4.0048190084909596e-16
91,89,-1.428216793762375e-16,-6.132871806057373e-16
91,90,5.546787158117382e-16,1.4951816721831537e-16
91,91,-2.132618350401076e-16,-4.60523897199242e-16
92,0,4.702644262669602e-15,0.0
92,1,3.7816938622525626e-14,2.838929288529437e-15
92,2,-2.888079233558716e-15,-1.1083184541657887e-14
92,3,1.2704048601733289e-14,-1.2437517516459153e-14
92,4,-9.760614901687688e-17,5.2252153436507625e-15
92,5,3.3314226942411465e-15,2.8838760242408564e-15
92,6,-1.245748937724835e-15,-1.0546267747158625e-15
92,7,1.4177276359182955e-15,8.684654429994376e-16
92,8,2.0842419535643995e-15,6.64990202308115e-15
92,9,-2.808569416819699e-15,6.22415267479767e-16
92,10,7.971324390863242e-15,-2.683030383647466e-15
92,11,6.943657988675656e-16,7.377181479628895e-15
92,12,-1.3857184548327726e-15,-2.3098467563861434e-15
92,13,4.5150436009596196e-15,-3.754414875608242e-17
92,14,-7.879189653063545e-16,3.824543069996143e-15
92,15,7.028515941394038e-17,-3.5656767450356704e-16
92,16,-1.010819140928423e-15,2.3893109178084095e-15
92,17,3.886435311547387e-17,3.3821506085552123e-16
92,18,1.3950249709094231e-15,2.265389919116598e-15
92,19,-2.518784159080896e-15,4.160188779853486e-15
92,20,-9.631739034458214e-18,-2.735804573614832e-15
92,21,3.1424240128249696e-15,3.85917656598022e-15
92,22,-3.821932321934019e-15,1.2613892313688956e-15
92,23,5.896946695829211e-16,-1.926543366381111e-15
92,24,-4.960318127799256e-17,1.9523850080291816e-15
92,25,-1.0564376243688952e-15,9.961198790315331e-16
92,26,4.087712157871437e-16,1.9342825523501814e-15
92,27,-2.6601236209464557e-15,-8.660471262212133e-16
92,28,1.5624704015235952e-15,-1.9000321562509053e-15
92,29,-1.3820199855074954e-15,3.4503874406282485e-15
92,30,-3.1502968093806792e-15,-1.2594859412415774e-15
92,31,1.0960955079105534e-15,-1.2757749910710776e-15
92,32,-7.180322851892683e-16,3.0146365914064962e-15
92,33,-2.7391072738137715e-15,-3.727141566540843e-16
92,34,5.738677020648566e-16,7.904087513171027e-16
92,35,-1.3027096471258962e-15,-6.385782478203001e-16
92,36,2.9018924040968937e-16,1.9239459467446626e-16
92,37,-2.892443421190881e-15,4.004364692568594e-16
92,38,1.956471139716002e-16,-5.328855254055501e-16
92,39,4.124297973999826e-16,1.1862760636041895e-15
92,40,-1.0099551708191285e-15,-1.5941381102124864e-16
92,41,1.3358374995238298e-16,-1.191675477159015e-15
92,42,-3.3097418482307385e-16,3.196214455814994e-16
92,43,3.1575128883252334e-17,-3.922192126508375e-16
92,44,5.522931421837113e-18,9.227978370308391e-16
92,45,-7.506782085938217e-16,-6.095190816822462e-16
92,46,8.487324053178408e-16,-2.816937717125464e-16
92,47,-4.054885169480482e-16,4.7078674670134785e-16
92,48,5.379532994063351e-16,-7.674382143708432e-16
92,49,-1.6814042816708305e-16,-4.0567924497159455e-16
92,50,7.792938756388338e-16,-5.438883411786354e-16
92,51,1.993199413553264e-16,1.3845704951449375e-15
92,52,-2.864137512884071e-16,-1.0762098252367776e-15
92,53,1.6912800541627716e-15,-1.5234175189044705e-15
92,54,3.060053404788857e-16,8.57952556858239e-16
92,55,-9.468286344589058e-16,-5.914262307563807e-16
92,56,1.6398642131280863e-15,-9.151380129554542e-16
92,57,1.1220012310413306e-15,1.2425146846828035e-15
92,58,-1.182532361613887e-16,-4.42219571459806e-17
92,59,5.73888474656815e-16,-2.1385960601867109e-16
92,60,5.273514536025055e-16,2.5640706524939212e-17
92,61,6.743880881099299e-16,3.447103553657829e-16
92,62,-4.765502930404449e-17,3.591823302660517e-16
92,63,2.319018705100413e-16,-7.354957434731637e-16
92,64,1.197420504873856e-15,4.3457897060144066e-16
92,65,-2.8052580815499304e-16,5.563326393551392e-16
92,66,5.432376122962771e-16,9.06837997521239e-18
92,67,4.333834097120443e-16,-2.816447212892756e-16
92,68,6.118834877317425e-16,-3.446423960314615e-16
92,69,-3.410170247762752e-16,1.7750423372678433e-17
92,70,-9.517906960846344e-17,-1.4908044468194656e-16
92,71,5.201869399596028e-17,4.532961204085316e-16
92,72,3.4882619850449937e-16,1.824905486458917e-17
92,73,-1.434363787277474e-16,-6.562176253576839e-16
92,74,4.450147495358985e-16,-1.5063428608893742e-16
92,75,-1.416931712264338e-15,2.087295863177787e-16
92,76,5.338608251390337e-16,-9.789493662068517e-16
92,77,-2.1282862815301615e-16,1.3942713936924224e-15
92,78,-6.242753205789795e-16,-1.5724838016814154e-15
92,79,7.967312541501548e-17,-6.501465074695438e-16
92,80,-5.9858784880530075e-16,2.621545591778469e-16
92,81,-3.9882548494635986e-16,-9.360729140853612e-16
92,82,5.884757432672974e-16,-3.0510745783973306e-16
92,83,-1.2147031071114062e-15,-7.33273047519748e-16
92,84,5.441195613480652e-16,-2.3001009910060656e-16
92,85,-8.957029434841714e-16,-1.4637751630054702e-17
92,86,9.848506720826948e-16,-9.871019742173443e-16
92,87,-1.3953552232165076e-16,4.535365448520201e-18
92,88,-4.234164630630021e-16,-3.962205196560924e-16
92,89,-1.4130196620778545e-16,-6.067614163906692e-16
92,90,5.487765827997143e-16,1.479271991759504e-16
92,91,-2.109925939805278e-16,-4.556236311190702e-16
92,92,1.7147389846332565e-16,-3.479429131517463e-16
93,0,4.653132482170663e-15,0.0
93,1,3.741878306160352e-14,2.8090396273229812e-15
93,2,-2.8576720972565695e-15,-1.0966495255884806e-14
93,3,1.2570294052019636e-14,-1.2306569138731544e-14
93,4,-9.657850287663346e-17,5.1702016745947795e-15
93,5,3.2963478172201883e-15,2.8535131414194143e-15
93,6,-1.2326330725825282e-15,-1.0435231388758017e-15
93,7,1.4028010934038895e-15,8.593218063595078e-16
93,8,2.0622980164201985e-15,6.579888543235381e-15
93,9,-2.7789993994604295e-15,6.158621696094314e-16
93,10,7.88739831832162e-15,-2.654782103742125e-15
93,11,6.870551699747085e-16,7.299510839512717e-15
93,12,-1.3711289209159417e-15,-2.2855275395369717e-15
93,13,4.467506973643705e-15,-3.71488652627111e-17
93,14,-7.79623362092036e-16,3.784276376107865e-15
93,15,6.954516225683873e-17,-3.5281355247201546e-16
93,16,-1.0001767336710723e-15,2.3641550626982694e-15
93,17,3.8455169853205547e-17,3.3465416427921766e-16
93,18,1.3803374533571184e-15,2.24153876598767e-15
93,19,-2.4922651452148927e-15,4.116388240795633e-15
93,20,-9.530331289738346e-18,-2.707000660758384e-15
93,21,3.109339008034652e-15,3.818545233400326e-15
93,22,-3.781693115301372e-15,1.2481086974269538e-15
93,23,5.834860704606032e-16,-1.9062597584894524e-15
93,24,-4.908093428538444e-17,1.9318293264662978e-15
93,25,-1.045314923001967e-15,9.856322329229923e-16
93,26,4.04467468877985e-16,1.9139174624548805e-15
93,27,-2.6321165148453502e-15,-8.569289508245357e-16
93,28,1.5460199350976257e-15,-1.8800276715808665e-15
93,29,-1.3674693909173894e-15,3.4140600435183296e-15
93,30,-3.117128915867931e-15,-1.2462254460858473e-15
93,31,1.0845552685978882e-15,-1.2623429966875415e-15
93,32,-7.1047248374358965e-16,2.982896996221158e-15
93,33,-2.7102685884850356e-15,-3.687900364182432e-16
93,34,5.678257371376742e-16,7.820869343958635e-16
93,35,-1.2889940712711893e-15,-6.318549780445151e-16
93,36,2.8713398358569947e-16,1.9036896857803327e-16
93,37,-2.8619903365481775e-15,3.9622047470949376e-16
93,38,1.9358724373240129e-16,-5.272750412414846e-16
93,39,4.0808753112179777e-16,1.1737863584953933e-15
93,40,-9.993218598693062e-16,-1.5773542303803712e-16
93,41,1.3217731371429236e-16,-1.1791289243356528e-15
93,42,-3.274895237952647e-16,3.1625631184556993e-16
93,43,3.1242690203400795e-17,-3.8808973347283763e-16
93,44,5.464783249661007e-18,9.13082161891502e-16
93,45,-7.427746946103646e-16,-6.03101761277697e-16
93,46,8.397965279247722e-16,-2.787279594133545e-16
93,47,-4.012193319269012e-16,4.658300694018292e-16
93,48,5.322894591940699e-16,-7.5935824270085e-16
93,49,-1.6637016201310433e-16,-4.014080518708418e-16
93,50,7.710890816634346e-16,-5.381620138912124e-16
93,51,1.9722140176053172e-16,1.3699930475193315e-15
93,52,-2.833982446939068e-16,-1.0648789522934615e-15
93,53,1.6734734155725067e-15,-1.5073782206732628e-15
93,54,3.0278356387767355e-16,8.489196051185396e-16
93,55,-9.36859951118009e-16,-5.851994008957904e-16
93,56,1.6225989061149699e-15,-9.055029842582243e-16
93,57,1.1101882433756803e-15,1.229432871367033e-15
93,58,-1.1700820720638368e-16,-4.3756366360637566e-17
93,59,5.678462910254405e-16,-2.1160798559421334e-16
93,60,5.217992349020969e-16,2.537074839874665e-17
93,61,6.672877945039146e-16,3.41081073094516e-16
93,62,-4.715329342550859e-17,3.554006798366538e-16
93,63,2.294602921407967e-16,-7.277520780426694e-16
93,64,1.1848134655379513e-15,4.3000350679851663e-16
93,65,-2.7757229275772744e-16,5.504752922998232e-16
93,66,5.375181362065607e-16,8.972903555195283e-18
93,67,4.288205333694984e-16,-2.786794254173648e-16
93,68,6.054412736829382e-16,-3.41013829269907e-16
93,69,-3.3742662772856417e-16,1.756353807651266e-17
93,70,-9.417697696880623e-17,-1.4751085152509858e-16
93,71,5.147101528264265e-17,4.485235931321549e-16
93,72,3.451535825871666e-16,1.8056919727780906e-17
93,73,-1.4192620910775169e-16,-6.493086394315829e-16
93,74,4.403294126558123e-16,-1.4904833331601476e-16
93,75,-1.4020135496304944e-15,2.0653197729524693e-16
93,76,5.282400725337194e-16,-9.686424998074584e-16
93,77,-2.105878623769078e-16,1.3795918101763052e-15
93,78,-6.177026391433941e-16,-1.5559279091923693e-15
93,79,7.883428707707723e-17,-6.433014412957078e-16
93,80,-5.922856178637335e-16,2.593944654378537e-16
93,81,-3.9462645164401153e-16,-9.262174723244133e-16
93,82,5.822799776081999e-16,-3.018951345940504e-16
93,83,-1.2019141079331997e-15,-7.255527837390521e-16
93,84,5.383907996595614e-16,-2.2758843824277605e-16
93,85,-8.8627253687611e-16,-1.44836380919633e-17
93,86,9.744816737964607e-16,-9.76709273101191e-16
93,87,-1.3806642286034633e-16,4.487614862673819e-18
93,88,-4.189585236978605e-16,-3.920489127254735e-16
93,89,-1.398142687456396e-16,-6.003731300595008e-16
93,90,5.42998789670384e-16,1.46369747962053e-16
93,91,-2.0877115888644836e-16,-4.508265986509391e-16
93,92,1.6966853587415252e-16,-3.44279596902443e-16
93,93,-2.4322129342809313e-16,-1.8349712026350304e-16
94,0,4.604652828774488e-15,0.0
94,1,3.702892748790471e-14,2.7797730487266176e-15
94,2,-2.827898830897669e-15,-1.0852238485630957e-14
94,3,1.2439327761877468e-14,-1.2178350522857652e-14
94,4,-9.557227914177936e-17,5.116334825513416e-15
94,5,3.262004114292236e-15,2.8237832060291133e-15
94,6,-1.2197906219640607e-15,-1.032650970443583e-15
94,7,1.388185710959358e-15,8.503687788049066e-16
94,8,2.040811524595871e-15,6.511334570791272e-15
94,9,-2.7500458013863912e-15,6.094456782164002e-16
94,10,7.805221776360916e-15,-2.6271226900622146e-15
94,11,6.798969391201066e-16,7.22345932866123e-15
94,12,-1.3568435217569503e-15,-2.2617152833055572e-15
94,13,4.420961299206727e-15,-3.6761821885180333e-17
94,14,-7.715006897807263e-16,3.744849085401657e-15
94,15,6.882059114812629e-17,-3.491376892115442e-16
94,16,-9.897561790083618e-16,2.3395236088435626e-15
94,17,3.805451646263095e-17,3.3116749847848923e-16
94,18,1.365956113138476e-15,2.218184816177395e-15
94,19,-2.46629894913637e-15,4.073500771779326e-15
94,20,-9.431037500135839e-18,-2.6787971969026625e-15
94,21,3.0769436962789017e-15,3.7787609052940035e-15
94,22,-3.742292738848951e-15,1.235105010709703e-15
94,23,5.774068963631938e-16,-1.8863989845422783e-15
94,24,-4.8569574101329265e-17,1.911702150520522e-15
94,25,-1.0344240864845968e-15,9.753632132440352e-16
94,26,4.0025343827035316e-16,1.8939769050853605e-15
94,27,-2.6046932474385035e-15,-8.480008537457821e-16
94,28,1.5299123965987118e-15,-1.860440202227116e-15
94,29,-1.3532221193523582e-15,3.3784899306496997e-15
94,30,-3.0846524432956353e-15,-1.233241380424439e-15
94,31,1.0732555981689702e-15,-1.2491910068869088e-15
94,32,-7.030702746099822e-16,2.951819047538761e-15
94,33,-2.6820310770271624e-15,-3.649477187515906e-16
94,34,5.619097235637343e-16,7.739385948309643e-16
94,35,-1.2755644115646596e-15,-6.25271862165133e-16
94,36,2.8414241692478114e-16,1.8838556886839397e-16
94,37,-2.832172079692028e-15,3.920923671698985e-16
94,38,1.9157031373652684e-16,-5.217815137432268e-16
94,39,4.038357841234281e-16,1.161557014921133e-15
94,40,-9.889102118916657e-16,-1.5609202288416576e-16
94,41,1.3080019617460066e-16,-1.1668439180994816e-15
94,42,-3.240775043298171e-16,3.12961327995148e-16
94,43,3.0917181570661765e-17,-3.840463377953089e-16
94,44,5.407847239598125e-18,9.035690206043489e-16
94,45,-7.350359380019643e-16,-5.968182169209874e-16
94,46,8.310469286487782e-16,-2.75823972708493e-16
94,47,-3.970391427270039e-16,4.609767194504472e-16
94,48,5.267436879126712e-16,-7.514467068589793e-16
94,49,-1.6463679898921333e-16,-3.9722589645194987e-16
94,50,7.63055325573348e-16,-5.325550581459371e-16
94,51,1.951666085139835e-16,1.355719482699633e-15
94,52,-2.804455996255601e-16,-1.0537842837634165e-15
94,53,1.656037975798219e-15,-1.4916732791193329e-15
94,54,2.9962894872603257e-16,8.400749551166196e-16
94,55,-9.270990758613967e-16,-5.791023760997453e-16
94,56,1.6056935132702833e-15,-8.960688082500736e-16
94,57,1.098621510330879e-15,1.2166237627276131e-15
94,58,-1.1578913223879816e-16,-4.3300481323371184e-17
94,59,5.619300633064364e-16,-2.0940330265497223e-16
94,60,5.163627582603139e-16,2.51064178443329e-17
94,61,6.603355142675357e-16,3.3752744717327344e-16
94,62,-4.666201677896652e-17,3.5169786203783447e-16
94,63,2.270696111374521e-16,-7.201698377696831e-16
94,64,1.1724692336966078e-15,4.255234235323279e-16
94,65,-2.746803466124505e-16,5.447400480367145e-16
94,66,5.319178888382984e-16,8.879417445358529e-18
94,67,4.2435277516433804e-16,-2.7577594437429408e-16
94,68,5.991333546171575e-16,-3.374609039427959e-16
94,69,-3.3391107642595226e-16,1.738054860831625e-17
94,70,-9.319577404392896e-17,-1.459739782506941e-16
94,71,5.09347535298529e-17,4.4385055439569695e-16
94,72,3.415575263570057e-16,1.7868789857599988e-17
94,73,-1.4044752062171762e-16,-6.425436788577329e-16
94,74,4.3574174673667283e-16,-1.474954414595879e-16
94,75,-1.387406372378769e-15,2.0438017983130936e-16
94,76,5.22736490651078e-16,-9.585504912873047e-16
94,77,-2.0839380780902423e-16,1.3652182386002066e-15
94,78,-6.112669724259047e-16,-1.5397171423517285e-15
94,79,7.801293523982018e-17,-6.365990679971235e-16
94,80,-5.861147638045389e-16,2.5669190886429854e-16
94,81,-3.9051495177376943e-16,-9.165674780034215e-16
94,82,5.762133694464633e-16,-2.987497757324252e-16
94,83,-1.1893917094010624e-15,-7.179934572829331e-16
94,84,5.327814602609528e-16,-2.252172595485817e-16
94,85,-8.7703871738635e-16,-1.433273721877637e-17
94,86,9.643288285964593e-16,-9.6653321918263e-16
94,87,-1.3662794838072074e-16,4.440859689905461e-18
94,88,-4.145935149442798e-16,-3.879642674943083e-16
94,89,-1.383575839607984e-16,-5.941180145292239e-16
94,90,5.373414409448471e-16,1.4484476351854634e-16
94,91,-2.0659603203142887e-16,-4.461295655601945e-16
94,92,1.6790080803856373e-16,-3.406926464785816e-16
94,93,-2.406872404972677e-16,-1.8158531637146748e-16
94,94,2.714817940564348e-16,7.465187516058336e-17
95,0,4.557173304010715e-15,0.0
95,1,3.664711458147853e-14,2.7511102356519977e-15
95,2,-2.798739782959893e-15,-1.0740338816952131e-14
95,3,1.2311063288424875e-14,-1.2052777039528222e-14
95,4,-9.458681366523223e-17,5.063579242176122e-15
95,5,3.2283689172679935e-15,2.7946665951479697e-15
95,6,-1.2072131093489405e-15,-1.0220030933621397e-15
95,7,1.3738718418597515e-15,8.416004509867261e-16
95,8,2.019768296165112e-15,6.444194857441509e-15
95,9,-2.721689512088641e-15,6.031615581649976e-16
95,10,7.724740525244295e-15,-2.600033886311189e-15
95,11,6.728863815909828e-16,7.14897675009807e-15
95,12,-1.3428528284327438e-15,-2.238394270669977e-15
95,13,4.375375855680198e-15,-3.6382763159699095e-17
95,14,-7.635455870905066e-16,3.706235174321146e-15
95,15,6.811096784248727e-17,-3.455376585084048e-16
95,16,-9.795505989660047e-16,2.315400298519843e-15
95,17,3.76621284968173e-17,3.2775276211732234e-16
95,18,1.3518714580055839e-15,2.1953126551640425e-15
95,19,-2.4408684321387286e-15,4.031498065394963e-15
95,20,-9.33379212785987e-18,-2.6511755666566933e-15
95,21,3.045216695382921e-15,3.73979732244621e-15
95,22,-3.7037051867848456e-15,1.2223695882745096e-15
95,23,5.714531347976458e-16,-1.8669479356507665e-15
95,24,-4.8068763208073776e-17,1.8919901954672776e-15
95,25,-1.0237579264380511e-15,9.653060420394e-16
95,26,3.9612634253896875e-16,1.8744477186926164e-15
95,27,-2.57783571829516e-15,-8.392569420911353e-16
95,28,1.5141371544204554e-15,-1.84125681969257e-15
95,29,-1.3392687670550525e-15,3.3436536243544577e-15
95,30,-3.0528459559196768e-15,-1.2205251742653841e-15
95,31,1.0621890383986686e-15,-1.2363103408407012e-15
95,32,-6.958207720404472e-16,2.9213822326957418e-15
95,33,-2.6543761015764268e-15,-3.6118466757394943e-16
95,34,5.56115756542327e-16,7.659583543990931e-16
95,35,-1.2624118039048134e-15,-6.188245550677897e-16
95,36,2.81212565875748e-16,1.8644308642404324e-16
95,37,-2.8029689694048203e-15,3.8804942192538496e-16
95,38,1.895949927311693e-16,-5.164013169674269e-16
95,39,3.9967175008529867e-16,1.1495799610355831e-15
95,40,-9.78713354790681e-16,-1.5448252585115522e-16
95,41,1.2945148838178511e-16,-1.1548123498651384e-15
95,42,-3.207358743602229e-16,3.097343192118162e-16
95,43,3.0598388136586303e-17,-3.8008635681871013e-16
95,44,5.352085811651442e-18,8.942521341234674e-16
95,45,-7.274568308861047e-16,-5.906643012266933e-16
95,46,8.224778324115841e-16,-2.7297989485297735e-16
95,47,-3.9294519025973155e-16,4.562234934461112e-16
95,48,5.213123251358455e-16,-7.436983849216526e-16
95,49,-1.629391950079123e-16,-3.931300183285123e-16
95,50,7.55187304774844e-16,-5.270637731323735e-16
95,51,1.9315420537164554e-16,1.3417403795739152e-15
95,52,-2.775538672219563e-16,-1.0429184967307954e-15
95,53,1.6389622267666494e-15,-1.476292328366037e-15
95,54,2.965394128543853e-16,8.314127690370014e-16
95,55,-9.175395661290315e-16,-5.73131132093038e-16
95,56,1.5891368763725052e-15,-8.868292580052668e-16
95,57,1.0872933974100075e-15,1.2040789042510634e-15
95,58,-1.1459520662139804e-16,-4.285400113219824e-17
95,59,5.561358865577482e-16,-2.0724410202384261e-16
95,60,5.110384353896067e-16,2.4847540393177284e-17
95,61,6.535266586234917e-16,3.3404713206973894e-16
95,62,-4.6180875102586506e-17,3.4807143286479393e-16
95,63,2.24728249556894e-16,-7.127440180786016e-16
95,64,1.1603796616732428e-15,4.211357637724181e-16
95,65,-2.718480609214186e-16,5.391231210799299e-16
95,66,5.264331738088456e-16,8.787859941207454e-18
95,67,4.1997718620112986e-16,-2.7293236174883545e-16
95,68,5.929555670607135e-16,-3.339812749802316e-16
95,69,-3.3046805046686305e-16,1.7201334187871844e-17
95,70,-9.223481320146402e-17,-1.4446881046216728e-16
95,71,5.0409554783826926e-17,4.3927391981053244e-16
95,72,3.3803565627603444e-16,1.7684541080962386e-17
95,73,-1.3899933727731897e-16,-6.359182784971478e-16
95,74,4.312487237392583e-16,-1.4597458555019942e-16
95,75,-1.373100539199961e-15,2.0227277365534633e-16
95,76,5.173464469114719e-16,-9.486666795254275e-16
95,77,-2.0624501628740178e-16,1.351141191843823e-15
95,78,-6.049640726343701e-16,-1.5238408014183445e-15
95,79,7.720852777885652e-17,-6.300349637448582e-16
95,80,-5.800712136223036e-16,2.540451056639742e-16
95,81,-3.864882715846571e-16,-9.071165617481097e-16
95,82,5.702719145830504e-16,-2.9566930519479417e-16
95,83,-1.177127646241416e-15,-7.105900786998044e-16
95,84,5.272878407684988e-16,-2.22894997947198e-16
95,85,-8.679953903323068e-16,-1.4184949410006288e-17
95,86,9.543854352071359e-16,-9.56567095867443e-16
95,87,-1.3521914943326732e-16,4.395069069969533e-18
95,88,-4.103185557254899e-16,-3.839638879367342e-16
95,89,-1.369309503842404e-16,-5.879919411785536e-16
95,90,5.318008025513262e-16,1.4335123929595865e-16
95,91,-2.0446577774653764e-16,-4.4152943162099714e-16
95,92,1.6616954818693966e-16,-3.371796943523688e-16
95,93,-2.3820546473252336e-16,-1.797129527327757e-16
95,94,2.686824893003265e-16,7.38821242831231e-17
95,95,-6.310251017478897e-17,1.0837139897831816e-16
96,0,4.51066322149827e-15,0.0
96,1,3.6273097573714634e-14,2.723032663103156e-15
96,2,-2.7701761077268787e-15,-1.0630723928234069e-14
96,3,1.218541773334874e-14,-1.1929767529637692e-14
96,4,-9.3621469533095e-17,5.0119008282446945e-15
96,5,3.1954204874616042e-15,2.7661444904870143e-15
96,6,-1.1948924057942807e-15,-1.0115726258268336e-15
96,7,1.359850234941668e-15,8.330111558674348e-16
96,8,1.9991547307279617e-15,6.378426010274319e-15
96,9,-2.693912204679881e-15,5.97005747980228e-16
96,10,7.645902549321775e-15,-2.5734981847873823e-15
96,11,6.660189664102272e-16,7.076014965161345e-15
96,12,-1.3291477986509028e-15,-2.2155494290808674e-15
96,13,4.330721180842279e-15,-3.601144409770532e-17
96,14,-7.557529125774838e-16,3.668409686399391e-15
96,15,6.74158337049357e-17,-3.420111336351376e-16
96,16,-9.695533975993311e-16,2.291769540646597e-15
96,17,3.727775235241225e-17,3.2440774822541207e-16
96,18,1.3380743849377848e-15,2.1729075004944948e-15
96,19,-2.415957158283753e-15,3.990352974971199e-15
96,20,-9.238532322480357e-18,-2.6241179179489606e-15
96,21,3.01413749994265e-15,3.701629302394457e-15
96,22,-3.665905519678148e-15,1.2098941991201592e-15
96,23,5.656209378021875e-16,-1.8478940404528075e-15
96,24,-4.7578177927695894e-17,1.8726807213188016e-15
96,25,-1.0133095492412704e-15,9.554542192821875e-16
96,26,3.9208351431020115e-16,1.855317281413672e-15
96,27,-2.551526569188209e-15,-8.306915646034177e-16
96,28,1.498684012902823e-15,-1.8224651256099385e-15
96,29,-1.3256003158668454e-15,3.3095286096606133e-15
96,30,-3.0216888969632734e-15,-1.208068609027095e-15
96,31,1.0513484368845111e-15,-1.2236926736756442e-15
96,32,-6.887192906258623e-16,2.8915668801451843e-15
96,33,-2.6272857885100505e-15,-3.574984507964769e-16
96,34,5.504400913881204e-16,7.581410554096416e-16
96,35,-1.2495277476604255e-15,-6.125088898084501e-16
96,36,2.7834253685339186e-16,1.8454026580367634e-16
96,37,-2.7743621314923564e-15,3.840890259894279e-16
96,38,1.876600040512101e-16,-5.111309736516367e-16
96,39,3.95592737760268e-16,1.1378474559769401e-15
96,40,-9.687246982593867e-16,-1.5290589170872647e-16
96,41,1.2813031865565316e-16,-1.1430264435377779e-15
96,42,-3.17462474165399e-16,3.065731998550432e-16
96,43,3.028610386253248e-17,-3.762072311769588e-16
96,44,5.297462926782324e-18,8.851254808736539e-16
96,45,-7.200324748277172e-16,-5.846360368718943e-16
96,46,8.140837009405572e-16,-2.701938876974723e-16
96,47,-3.889348285721995e-16,4.515673193423921e-16
96,48,5.159918605321659e-16,-7.361082690889639e-16
96,49,-1.6127625289472562e-16,-3.891177703030782e-16
96,50,7.474799341057239e-16,-5.216846097908932e-16
96,51,1.9118289170192957e-16,1.328046703340593e-15
96,52,-2.7472117853426034e-16,-1.0322745685540867e-15
96,53,1.6222351322902095e-15,-1.4612254275869148e-15
96,54,2.9351295947199777e-16,8.229274484423734e-16
96,55,-9.081752435364417e-16,-5.67281809614861e-16
96,56,1.5729182947402011e-15,-8.777783619316032e-16
96,57,1.0761965831667857e-15,1.191790188099118e-15
96,58,-1.1342565871089808e-16,-4.2416637223546175e-17
96,59,5.504600159584957e-16,-2.0512898819289322e-16
96,60,5.058228251392607e-16,2.4593948730797252e-17
96,61,6.468568269561486e-16,3.3063787842956344e-16
96,62,-4.570955743081223e-17,3.445190485285391e-16
96,63,2.22434694159172e-16,-7.054698196051943e-16
96,64,1.1485369358847178e-15,4.1683769174062633e-16
96,65,-2.6907360515666294e-16,5.336208811664891e-16
96,66,5.210604463048051e-16,8.69817186842478e-18
96,67,4.1569093850316146e-16,-2.7014683971172467e-16
96,68,5.869039182621181e-16,-3.3057269347132317e-16
96,69,-3.270953245972075e-16,1.7025778987524744e-17
96,70,-9.129347336504731e-17,-1.429943753580301e-16
96,71,4.989507960458632e-17,4.347907314626212e-16
96,72,3.34585696132603e-16,1.750405431647037e-17
96,73,-1.3758072310255112e-16,-6.294281563027506e-16
96,74,4.268474397883392e-16,-1.444847826470084e-16
96,75,-1.3590868041243458e-15,2.002083967345802e-16
96,76,5.120664576882846e-16,-9.389846765384656e-16
96,77,-2.0414009903159643e-16,1.3373515718038492e-15
96,78,-5.987898661563048e-16,-1.5082886253912836e-15
96,79,7.642054479947352e-17,-6.236048861079798e-16
96,80,-5.741510613241842e-16,2.5145234518766858e-16
96,81,-3.8254380860237933e-16,-8.978586153588031e-16
96,82,5.644517730101055e-16,-2.926517320494182e-16
96,83,-1.1651139920961624e-15,-7.033378631292958e-16
96,84,5.219063906137793e-16,-2.206201525431376e-16
96,85,-8.591367109423332e-16,-1.404017914925855e-17
96,86,9.446450671370662e-16,-9.468044619736806e-16
96,87,-1.338391155004193e-16,4.3502134080371076e-18
96,88,-4.0613088310255404e-16,-3.80045188576756e-16
96,89,-1.355334459717412e-16,-5.819909506792897e-16
96,90,5.26373293532725e-16,1.418882100181279e-16
96,91,-2.0237901923208892e-16,-4.3702322373149417e-16
96,92,1.6447363739275756e-16,-3.3373847007589725e-16
96,93,-2.357743621431453e-16,-1.7787881922444492e-16
96,94,2.6594034106207334e-16,7.31280902652422e-17
96,95,-6.245849188555936e-17,1.0726537066378496e-16
96,96,-3.315339962956151e-16,-5.701506617970658e-16
97,0,4.465093140236578e-15,0.0
97,1,3.5906639710895435e-14,2.6955225579052256e-15
97,2,-2.7421897243195224e-15,-1.0523324432973299e-14
97,3,1.2062311562692994e-14,-1.1809244127853309e-14
97,4,-9.267563568007571e-17,4.961266871151621e-15
97,5,3.163137968433165e-15,2.7381988374814227e-15
97,6,-1.1828207122633822e-15,-1.0013529653251748e-15
97,7,1.3461120144922508e-15,8.245954564013671e-16
97,8,1.9789577798450477e-15,6.3139863974420985e-15
97,9,-2.6666962960538436e-15,5.909743510185815e-16
97,10,7.568657943954001e-15,-2.5474987883242116e-15
97,11,6.592903464865566e-16,7.0045277888555425e-15
97,12,-1.3157197570927035e-15,-2.193166297695374e-15
97,13,4.286969008170173e-15,-3.564762965328794e-17
97,14,-7.481177334588626e-16,3.631348678006291e-15
97,15,6.673474871379372e-17,-3.3855588229252473e-16
97,16,-9.597582466544387e-16,2.2686163768939628e-15
97,17,3.6901144718338344e-17,3.2113033940045353e-16
97,18,1.3245561603527205e-15,2.1509551696488364e-15
97,19,-2.391549358671707e-15,3.950039455561104e-15
97,20,-9.145197784298109e-18,-2.597607123218984e-15
97,21,2.9836864367482945e-15,3.664232684684934e-15
97,22,-3.6288698102434e-15,1.1976709462935735e-15
97,23,5.59906613581281e-16,-1.8292252377842593e-15
97,24,-4.709750771846486e-17,1.8537615051288254e-15
97,25,-1.0030723410449034e-15,9.458015087435247e-16
97,26,3.8812239446349476e-16,1.8365734836330523e-15
97,27,-2.5257491463593216e-15,-8.222992993768851e-16
97,28,1.4835431901679138e-15,-1.8040532247890527e-15
97,29,-1.3122081136233557e-15,3.2760932853470347e-15
97,30,-2.991161543928828e-15,-1.1958637996720802e-15
97,31,1.0407269314981555e-15,-1.2113300183763173e-15
97,32,-6.817613351104226e-16,2.8623541166930585e-15
97,33,-2.6007429895909326e-15,-3.5388673503457327e-16
97,34,5.448791353906302e-16,7.504817494924584e-16
97,35,-1.2369040871911098e-15,-6.063208685549352e-16
97,36,2.7553051312203883e-16,1.8267590251699888e-16
97,37,-2.7463334577534487e-15,3.8020867242132257e-16
97,38,1.8576412284389122e-16,-5.059671476551272e-16
97,39,3.9159616512315533e-16,1.126352073039649e-15
97,40,-9.589379194527827e-16,-1.513611224434556e-16
97,41,1.268358506924065e-16,-1.131478738608706e-15
97,42,-3.142552316746928e-16,3.034759689282327e-16
97,43,2.998013107176022e-17,-3.724065053736532e-16
97,44,5.243944008565663e-18,8.761832836601788e-16
97,45,-7.127581701905252e-16,-5.787296079499151e-16
97,46,8.058592207291179e-16,-2.6746418769235944e-16
97,47,-3.8500551909525517e-16,4.470052497692348e-16
97,48,5.107789262340003e-16,-7.286715547982781e-16
97,49,-1.596469200030644e-16,-3.851866126124383e-16
97,50,7.399283347807432e-16,-5.164141630974138e-16
97,51,1.8925141965826672e-16,1.3146297858677674e-15
97,52,-2.71945740463325e-16,-1.0218457615996713e-15
97,53,1.6058461040755337e-15,-1.4464630393954358e-15
97,54,2.9054767282617814e-16,8.146136221032084e-16
97,55,-8.99000180443599e-16,-5.615507060292021e-16
97,56,1.55702750196993e-15,-8.689103907888383e-16
97,57,1.0653240432895622e-15,1.179749835483184e-15
97,58,-1.1227974818049505e-16,-4.198811274494796e-17
97,59,5.448988586681474e-16,-2.0305662228968715e-16
97,60,5.007126260147163e-16,2.4345482333025255e-17
97,61,6.403217972450898e-16,3.272975281865179e-16
97,62,-4.52477654183582e-17,3.4103846036074604e-16
97,63,2.201874931178834e-16,-6.983426377633185e-16
97,64,1.1369335598554748e-15,4.1262648674642e-16
97,65,-2.6635522308062477e-16,5.282298453645267e-16
97,66,5.15796305375996e-16,8.610296454232227e-18
97,67,4.114913188647337e-16,-2.6741761502042455e-16
97,68,5.809745775122836e-16,-3.2723300177530233e-16
97,69,-3.2379076387292824e-16,1.685377188038643e-17
97,70,-9.037115866416717e-17,-1.4154973961711e-16
97,71,4.939100232803356e-17,4.303981514823316e-16
97,72,3.3120546209316214e-16,1.7327215315542774e-17
97,73,-1.3619078011103179e-16,-6.230692040106782e-16
97,74,4.225351088599755e-16,-1.430250897009864e-16
97,75,-1.3453562964219625e-15,1.9818574231316734e-16
97,76,5.068931807349034e-16,-9.294983535938926e-16
97,77,-2.0207772362362935e-16,1.3238406496157128e-15
97,78,-5.927404447032979e-16,-1.4930507697035484e-15
97,79,7.564848750644024e-17,-6.173047648309829e-16
97,80,-5.683505594387122e-16,2.4891198621140283e-16
97,81,-3.7867906597183176e-16,-8.88787778531881e-16
97,82,5.587492605632036e-16,-2.8969514616481805e-16
97,83,-1.1533431422916584e-15,-6.962322199004981e-16
97,84,5.166337033251535e-16,-2.183912833534715e-16
97,85,-8.504570716498347e-16,-1.3898334796589744e-17
97,86,9.35101558708478e-16,-9.372391377292471e-16
97,87,-1.3248697301718573e-16,4.306264310360047e-18
97,88,-4.020278462680465e-16,-3.7620568886770765e-16
97,89,-1.3416418609945177e-16,-5.761112443891769e-16
97,90,5.210554782620246e-16,1.4045474958379864e-16
97,91,-2.003344355646334e-16,-4.3260808945062547e-16
97,92,1.628120021401695e-16,-3.303667953454439e-16
97,93,-2.3339239383500863e-16,-1.7608175483529745e-16
97,94,2.6325361355486315e-16,7.238929580148871e-17
97,95,-6.182748965574487e-17,1.0618169595395137e-16
97,96,-3.2818459280208935e-16,-5.643905749287606e-16
97,97,5.233722221855785e-16,-4.8726224570536155e-17
98,0,4.420434801919377e-15,0.0
98,1,3.5547513750096763e-14,2.668562860861549e-15
98,2,-2.714763278197925e-15,-1.0418073732038427e-14
98,3,1.1941668437513821e-14,-1.1691132096823169e-14
98,4,-9.174872558839883e-17,4.911645972448023e-15
98,5,3.1315013415809004e-15,2.7108123068484845e-15
98,6,-1.1709905430199132e-15,-9.9133777457866e-16
98,7,1.3326486613508964e-15,8.163481339580893e-16
98,8,1.959164919254665e-15,6.2508360595183e-15
98,9,-2.640024909447093e-15,5.850636271712447e-16
98,10,7.492958809254571e-15,-2.5220195745254118e-15
98,11,6.526963493586262e-16,6.934470891513784e-15
98,12,-1.3025603769415073e-15,-2.171230996586924e-15
98,13,4.244092206654656e-15,-3.5291094222723896e-17
98,14,-7.406353151099962e-16,3.595029167367475e-15
98,15,6.606729052379142e-17,-3.3516976185654724e-16
98,16,-9.501590720939845e-16,2.2459264498332463e-15
98,17,3.653207205773171e-17,3.1791850329973937e-16
98,18,1.3113084015106664e-15,2.1294420498427352e-15
98,19,-2.3676298978659717e-15,3.910532508486895e-15
98,20,-9.053730635953861e-18,-2.5716267429490805e-15
98,21,2.9538446228958538e-15,3.627584279429734e-15
98,22,-3.59257509239428e-15,1.1856922500755083e-15
98,23,5.543066186449993e-16,-1.8109299509981465e-15
98,24,-4.6626454513631435e-17,1.835220814967307e-15
98,25,-9.93039953689007e-16,9.363419247142988e-16
98,26,3.8424052668245346e-16,1.818204702198822e-15
98,27,-2.5004874650595403e-15,-8.140749423128297e-16
98,28,1.4687052972922486e-15,-1.786009699889458e-15
98,29,-1.2990838557321387e-15,3.2433269179498278e-15
98,30,-2.9612449666045086e-15,-1.1839031779180132e-15
98,31,1.0303179357744505e-15,-1.1992147087790878e-15
98,32,-6.74942590820279e-16,2.833725827313156e-15
98,33,-2.5747312454553807e-15,-3.503472806396071e-16
98,34,5.394294401645706e-16,7.429756870617107e-16
98,35,-1.2245329944822166e-15,-6.002566540746813e-16
98,36,2.727747509273304e-16,1.8084884046010932e-16
98,37,-2.7188655674236844e-15,3.7640595498837207e-16
98,38,1.8390617346084184e-16,-5.009066368555305e-16
98,39,3.876795538730568e-16,1.1150866838613573e-15
98,40,-9.493469495251439e-16,-1.498472601337899e-16
98,41,1.2556728178397128e-16,-1.1201620742703603e-15
98,42,-3.1111215805600114e-16,3.004407058181737e-16
98,43,2.9680280028535226e-17,-3.686818225537956e-16
98,44,5.1914958695692666e-18,8.674199973679025e-16
98,45,-7.056294061305148e-16,-5.729413518454436e-16
98,46,7.977992917231464e-16,-2.6478910213276284e-16
98,47,-3.8115482523832155e-16,4.4253445575737643e-16
98,48,5.056702896666014e-16,-7.213836304942896e-16
98,49,-1.5805018597291644e-16,-3.8133410751992606e-16
98,50,7.325278240036331e-16,-5.112491648133743e-16
98,51,1.8735859152217512e-16,1.3014813072369182e-15
98,52,-2.692258319417999e-16,-1.0116256088959588e-15
98,53,1.5897849791787383e-15,-1.4319960095378625e-15
98,54,2.876417141232295e-16,8.06466134561267e-16
98,55,-8.900086873337045e-16,-5.559342674411402e-16
98,56,1.541454644076875e-15,-8.602198454899056e-16
98,57,1.0546690356450514e-15,1.1679503801016375e-15
98,58,-1.1115676444355357e-16,-4.1568161965563926e-17
98,59,5.394489661765948e-16,-2.0102571922653615e-16
98,60,4.957046691479813e-16,2.4101987124218462e-17
98,61,6.339175170755312e-16,3.2402400996750875e-16
98,62,-4.479521270496882e-17,3.376275100258644e-16
98,63,2.1798525292892424e-16,-6.913580529407701e-16
98,64,1.1255623382559373e-15,4.0849953739396296e-16
98,65,-2.6369122900675024e-16,5.229466706573846e-16
98,66,5.106374866941033e-16,8.524179206509121e-18
98,67,4.0737572307416556e-16,-2.6474299526480433e-16
98,68,5.751638679881231e-16,-3.239601289274449e-16
98,69,-3.2055231911424713e-16,1.6685206203721657e-17
98,70,-8.946729716542853e-17,-1.4013400741130932e-16
98,71,4.889701037254344e-17,4.26093456002009e-16
98,72,3.278928580524147e-16,1.7153914419155315e-17
98,73,-1.3482864638999595e-16,-6.16837478392909e-16
98,74,4.1830905684947607e-16,-1.4159460154696408e-16
98,75,-1.331900501714933e-15,1.9620355612983545e-16
98,76,5.018234080683601e-16,-9.20201828160634e-16
98,77,-2.000566111709839e-16,1.310600047067953e-15
98,78,-5.868120569894315e-16,-1.4781177852608888e-15
98,79,7.48918771419657e-17,-6.111306931673442e-16
98,80,-5.626661110366259e-16,2.464224534419148e-16
98,81,-3.7489164714076217e-16,-8.798984263819352e-16
98,82,5.531608410769764e-16,-2.867977141426959e-16
98,83,-1.1418077976467413e-15,-6.892687427574423e-16
98,84,5.114665092746525e-16,-2.1620700824179706e-16
98,85,-8.419510901535603e-16,-1.3759328393386485e-17
98,86,9.257489919292028e-16,-9.278651916138437e-16
98,87,-1.3116188351114468e-16,4.263194523814641e-18
98,88,-3.9800690090191626e-16,-3.724430079106382e-16
98,89,-1.32822321680345e-16,-5.703491762637822e-16
98,90,5.158440591270985e-16,1.3904996909475407e-16
98,91,-1.983307588844294e-16,-4.2828129092466676e-16
98,92,1.6118361203825748e-16,-3.2706257936339503e-16
98,93,-2.310580827339432e-16,-1.743206451939195e-16
98,94,2.606206407213478e-16,7.166528276057026e-17
98,95,-6.120911219672434e-17,1.0511970285502254e-16
98,96,-3.249022024654183e-16,-5.587457329407897e-16
98,97,5.181376317682887e-16,-4.823888149538686e-17
98,98,-4.410925186579487e-16,9.282048376970104e-16
99,0,4.37666107204822e-15,0.0
99,1,3.5195501485644325e-14,2.64213719120461e-15
99,2,-2.6878801049968688e-15,-1.0314907874886538e-14
99,3,1.1823415054799595e-14,-1.1575359671433668e-14
99,4,-9.084017606558137e-17,4.86300798237353e-15
99,5,3.1004913844250996e-15,2.6839682584757157e-15
99,6,-1.159394710028648e-15,-9.815209683367403e-16
99,7,1.319451995156475e-15,8.082641774474788e-16
99,8,1.9397641227739058e-15,6.188936626227385e-15
99,9,-2.613881839270131e-15,5.792699850702202e-16
99,10,7.418759150273152e-15,-2.4970450621681407e-15
99,11,6.462329685001845e-16,6.865801706420786e-15
99,12,-1.2896616625307997e-15,-2.1497301978213337e-15
99,13,4.202064724262716e-15,-3.494162117435039e-17
99,14,-7.333011111980671e-16,3.559429086673389e-15
99,15,6.541305358595626e-17,-3.31850714913446e-16
99,16,-9.407500414397121e-16,2.223685973017979e-15
99,17,3.6170310121282733e-17,3.1477028840503195e-16
99,18,1.2983230590460329e-15,2.1083550696602367e-15
99,19,-2.3441842423528398e-15,3.871808129246066e-15
99,20,-8.964075301819675e-18,-2.546160991406626e-15
99,21,2.9245939264376976e-15,3.591661818982254e-15
99,22,-3.556999313385384e-15,1.1739508321854414e-15
99,23,5.488175504248719e-16,-1.792997063840494e-15
99,24,-4.616473210029705e-17,1.817047385472674e-15
99,25,-9.832062914743362e-16,9.270697195317483e-16
99,26,3.804355523362091e-16,1.8001997762015057e-15
99,27,-2.4757261762392176e-15,-8.060134962749405e-16
99,28,1.45416131874152e-15,-1.7683235876282203e-15
99,29,-1.286219567867038e-15,3.2112095985565988e-15
99,30,-2.9319209876162457e-15,-1.1721794764664533e-15
99,31,1.020115125186131e-15,-1.1873393835968634e-15
99,32,-6.682589146723403e-16,2.805664617397817e-15
99,33,-2.5492347513140227e-15,-3.468779370317896e-16
99,34,5.34087694463885e-16,7.35618307418388e-16
99,35,-1.2124069528323071e-15,-5.943125617384656e-16
99,36,2.700735758624746e-16,1.7905796950633446e-16
99,37,-2.69194177095626e-15,3.7267856315162296e-16
99,38,1.8208502700818573e-16,-4.959463664760503e-16
99,39,3.8384052426890077e-16,1.1040444435683714e-15
99,40,-9.399459609833658e-16,-1.4836338495386834e-16
99,41,1.2432384114526298e-16,-1.1090695744941538e-15
99,42,-3.080313435713122e-16,2.974655662927419e-16
99,43,2.938636854274535e-17,-3.650309195924244e-16
99,44,5.1400866421957324e-18,8.588302974060037e-16
99,45,-6.986418511959434e-16,-5.672677516021352e-16
99,46,7.898990166931593e-16,-2.621670056311804e-16
99,47,-3.77380407311871e-16,4.381522208431567e-16
99,48,5.006628468118567e-16,-7.142400680191637e-16
99,49,-1.5648508062539256e-16,-3.7755791423550336e-16
99,50,7.252739052087853e-16,-5.06186476675167e-16
99,51,1.8550325720737623e-16,1.288593278405317e-15
99,52,-2.6655980034765876e-16,-1.001607900657093e-15
99,53,1.5740419988272177e-15,-1.4178155478170225e-15
99,54,2.8479331769665177e-16,7.984800353863186e-16
99,55,-8.811953009570038e-16,-5.504290812910081e-16
99,56,1.5261902589604687e-15,-8.517014456415618e-16
99,57,1.0442250862286376e-15,1.1563846525810584e-15
99,58,-1.1005602517283946e-16,-4.115652972243458e-17
99,59,5.34107027117922e-16,-1.9903504502255134e-16
99,60,4.907959116941368e-16,2.3863315156185916e-17
99,61,6.276400951936361e-16,3.208153347761162e-16
99,62,-4.435162431868226e-17,3.342841250234374e-16
99,63,2.158266355066147e-16,-6.84511821289409e-16
99,64,1.1144163619084136e-15,4.044543361403189e-16
99,65,-2.6108000428674687e-16,5.177681469772167e-16
99,66,5.055808557502583e-16,8.43976780023817e-18
99,67,4.033416504869682e-16,-2.6212135534038536e-16
99,68,5.694682590905481e-16,-3.207520863234599e-16
99,69,-3.1737802263545107e-16,1.6519979536677695e-17
99,70,-8.858133968072102e-17,-1.387463185388206e-16
99,71,4.8412803587585195e-17,4.2187402947980323e-16
99,72,3.2464587126531496e-16,1.6984046329326e-17
99,73,-1.3349349430418602e-16,-6.107291930401077e-16
99,74,4.1416671599892513e-16,-1.4019244901738945e-16
99,75,-1.3187112442346478e-15,1.942606338041722e-16
99,76,4.968540592843287e-16,-9.110894516506675e-16
99,77,-1.9807553364156633e-16,1.2976217191431595e-15
99,78,-5.81001100914106e-16,-1.4634805987511659e-15
99,79,7.415025398803232e-17,-6.050789197383899e-16
99,80,-5.570942622353547e-16,2.4398223423396026e-16
99,81,-3.711792508656791e-16,-8.711851577202697e-16
99,82,5.476831190162207e-16,-2.8395767549738056e-16
99,83,-1.1305009492622186e-15,-6.824432006770578e-16
99,84,5.064016688645166e-16,-2.1406600003805243e-16
99,85,-8.336135982016134e-16,-1.3623075479071557e-17
99,86,9.165816841603811e-16,-9.186769279984821e-16
99,87,-1.2986304185517997e-16,4.2209778791097734e-18
99,88,-3.940656038694677e-16,-3.687548594928394e-16
99,89,-1.3150703739483287e-16,-5.647012452586315e-16
99,90,5.107358696589343e-16,1.3767301500347244e-16
99,91,-1.9636677175339444e-16,-4.240401991819118e-16
99,92,1.595874776738378e-16,-3.2382381448130676e-16
99,93,-2.2877001050771075e-16,-1.7259442024646157e-16
99,94,2.580398227618044e-16,7.095561123067026e-17
99,95,-6.060298378107856e-17,1.0407874609780171e-16
99,96,-3.2168483089846524e-16,-5.532127060155216e-16
99,97,5.130067300028655e-16,-4.7761191887353506e-17
99,98,-4.3672456264793404e-16,9.19013210707555e-16
99,99,-1.3193685809716946e-16,-5.041585123699592e-16
100,0,4.333745884467302e-15,0.0
100,1,3.4850393303083133e-14,2.6162298131123875e-15
100,2,-2.6615241964624723e-15,-1.0213765428842965e-14
100,3,1.1707480997633429e-14,-1.1461857912115648e-14
100,4,-8.994944609322059e-17,4.815323938227659e-15
100,5,3.0700896313157705e-15,2.6576507074070856e-15
100,6,-1.1480263082625231e-15,-9.718967009380628e-16
100,7,1.3065141576259904e-15,8.003387730766391e-16
100,8,1.9207438377161418e-15,6.128251238012788e-15
100,9,-2.5882515179818216e-15,5.73589974747271e-16
100,10,7.346014782977964e-15,-2.4725603795580707e-15
100,11,6.398963551303995e-16,6.7984793428029554e-15
100,12,-1.2770159330003827e-15,-2.128651098213401e-15
100,13,4.160861534685028e-15,-3.4599002405751785e-17
100,14,-7.261107543890047e-16,3.5245272369708536e-15
100,15,6.477164831863721e-17,-3.2859676505419696e-16
100,16,-9.315255518503805e-16,2.2018817028032735e-15
100,17,3.5815643488851816e-17,3.116838200334978e-16
100,18,1.2855924005137934e-15,2.0876816723347034e-15
100,19,-2.3211984308338037e-15,3.833843258444189e-15
100,20,-8.876178394397728e-18,-2.5211947043767062e-15
100,21,2.8959169293193555e-15,3.556443912420275e-15
100,22,-3.5221212887345763e-15,1.162439700904162e-15
100,23,5.434361403187517e-16,-1.7754158977277752e-15
100,24,-4.571206553437082e-17,1.799230394824485e-15
100,25,-9.735654987022303e-16,9.17979371830761e-16
100,26,3.767052056581836e-16,1.7825479841602596e-15
100,27,-2.4514505351732823e-15,-7.981101608747419e-16
100,28,1.4399025939420917e-15,-1.7509843563700614e-15
100,29,-1.2736075896679977e-15,3.1797222021109775e-15
100,30,-2.903172145271664e-15,-1.1606857141478832e-15
100,31,1.0101124242159582e-15,-1.1756969713720063e-15
100,32,-6.617063267054675e-16,2.778153777201909e-15
100,33,-2.524238324645499e-15,-3.434766383042109e-16
100,34,5.288507174132835e-16,7.284052294278542e-16
100,35,-1.2005187414883893e-15,-5.88485051988718e-16
100,36,2.674253794456195e-16,1.7730222323703825e-16
100,37,-2.6655460359071597e-15,3.6902427734293133e-16
100,38,1.8029959903898824e-16,-4.910833828003613e-16
100,39,3.800767902650592e-16,1.0932187767841638e-15
100,40,-9.307293557750832e-16,-1.469086132933213e-16
100,41,1.2310478833863743e-16,-1.0981946339753004e-15
100,42,-3.050109536730424e-16,2.9454877873113557e-16
100,43,2.909822159748881e-17,-3.614516224685983e-16
100,44,5.089685713542428e-18,8.504090688240735e-16
100,45,-6.91791344473493e-16,-5.617054287336618e-16
100,46,7.821536912239643e-16,-2.595963367950568e-16
100,47,-3.736800177449053e-16,4.338559355158398e-16
100,48,4.957536158634178e-16,-7.072366135610132e-16
100,49,-1.5495067197960018e-16,-3.738557841309911e-16
100,50,7.181622588698986e-16,-5.01223083979266e-16
100,51,1.8368431190892291e-16,1.2759580248757596e-15
100,52,-2.6394605812610307e-16,-9.917866715896313e-16
100,53,1.5586077884719024e-15,-1.403913210124414e-15
100,54,2.8200078739797273e-16,7.9065056905705e-16
100,55,-8.725547731634511e-16,-5.450318693788366e-16
100,56,1.5112252570630734e-15,-8.433501187508228e-16
100,57,1.0339859759309718e-15,1.1450457658214343e-15
100,58,-1.0897687490578616e-16,-4.075297089890627e-17
100,59,5.288698605016994e-16,-1.9708341428128359e-16
100,60,4.8598343061151e-16,2.3629324305770118e-17
100,61,6.214857935524687e-16,3.176695919269198e-16
100,62,-4.391673611376492e-17,3.310063144517382e-16
100,63,2.1371035544854063e-16,-6.777998660503795e-16
100,64,1.103488993664164e-15,4.0048847416982492e-16
100,65,-2.5851999400193196e-16,5.126911906433435e-16
100,66,5.00623401447842e-16,8.357011970548778e-18
100,67,3.9938669891432004e-16,-2.595511341264926e-16
100,68,5.638843592276298e-16,-3.176069636546168e-16
100,69,-3.142659842227789e-16,1.6357993490927602e-17
100,70,-8.771275864463267e-17,-1.373858466658024e-16
100,71,4.7938093640189835e-17,4.177373593532836e-16
100,72,3.2146256823285024e-16,1.6817509893877294e-17
100,73,-1.321845288040964e-16,-6.0474071062189e-16
100,74,4.101056196484717e-16,-1.3881779716567686e-16
100,75,-1.3057806701098135e-15,1.923558183747717e-16
100,76,4.919821752605223e-16,-9.021557978728378e-16
100,77,-1.9613331135350599e-16,1.2848979375732878e-15
100,78,-5.753041161990479e-16,-1.4491304940977463e-15
100,79,7.342317642669402e-17,-5.991458408651657e-16
100,80,-5.516316951389963e-16,2.415898754983404e-16
100,81,-3.675396665079188e-16,-8.626427840144209e-16
100,82,5.423128325351422e-16,-2.811733390572485e-16
100,83,-1.1194158641940963e-15,-6.757515292206086e-16
100,84,5.014361661095957e-16,-2.119669838256706e-16
100,85,-8.254396310271153e-16,-1.3489494918459457e-17
100,86,9.075941765006738e-16,-9.096688755031432e-16
100,87,-1.2858967462173424e-16,4.179589237294719e-18
100,88,-3.9020160822738997e-16,-3.65139047414637e-16
100,89,-1.3021755002418553e-16,-5.591640881727822e-16
100,90,5.057278680591077e-16,1.3632306736840472e-16
100,91,-1.944413046665605e-16,-4.198822887588355e-16
100,92,1.5802264858901833e-16,-3.206485720961042e-16
100,93,-2.2652681466681546e-16,-1.7090205206935933e-16
100,94,2.555096228640117e-16,7.025985862023158e-17
100,95,-6.000874347457223e-17,1.0305820581870636e-16
100,96,-3.185305622373366e-16,-5.477881993745053e-16
100,97,5.079764615662823e-16,-4.729287129428214e-17
100,98,-4.3244227617002333e-16,9.100018608046027e-16
100,99,-1.3064315613559006e-16,-4.992150048027287e-16
100,100,6.879337059185022e-16,3.861097990974813e-16
